seed,sample_id,family,persistence,n_obs,pooled_delta,acf_r_lag1,acf_abs_r_lag1,signed_stylized_distance,magnitude_path_distance
0,real_eval,real,,1000,0.1707801563976083,0.043022230571577696,0.10466730590703881,0.0,0.0
0,iid_signs,iid_signs,,1000,0.12615007029653183,-0.03471877686573005,0.10466730590703881,0.33932037194573156,0.0
0,markov_signs_p0.55,markov_signs,0.55,1000,0.1189372276225123,0.035438437151435916,0.10466730590703881,0.38673046762947555,0.0
0,markov_signs_p0.65,markov_signs,0.65,1000,0.4204046980951943,0.17357747520589167,0.10466730590703881,0.3082241785705549,0.0
0,markov_signs_p0.75,markov_signs,0.75,1000,0.5743007587879234,0.24459324038752855,0.10466730590703881,0.19241224242866994,0.0
0,markov_signs_p0.85,markov_signs,0.85,1000,1.0767778425945946,0.3879842855964691,0.10466730590703881,0.18271761348163407,0.0
0,markov_signs_p0.90,markov_signs,0.9,1000,1.2688738202916943,0.430158664798264,0.10466730590703881,0.7937250221086054,0.0
1,real_eval,real,,1000,0.05765655778370851,-0.027485721646338633,0.2046085250775906,0.0,0.0
1,iid_signs,iid_signs,,1000,0.08753807144757722,-0.01041214653741784,0.2046085250775906,0.9241910025816809,0.0
1,markov_signs_p0.55,markov_signs,0.55,1000,0.11991699068169957,0.11502430250387179,0.2046085250775906,1.1180892674668634,0.0
1,markov_signs_p0.65,markov_signs,0.65,1000,0.2721056668958829,0.23898215151244037,0.2046085250775906,2.0784528238417193,0.0
1,markov_signs_p0.75,markov_signs,0.75,1000,0.24287375781767426,0.20168164280024656,0.2046085250775906,0.9705013639815995,0.0
1,markov_signs_p0.85,markov_signs,0.85,1000,0.5386477080679133,0.46623534143929724,0.2046085250775906,2.331431769308029,0.0
1,markov_signs_p0.90,markov_signs,0.9,1000,0.6333222910196538,0.5224039322851142,0.2046085250775906,2.4106188381839817,0.0
2,real_eval,real,,1000,0.11178853819918609,0.006404742168986556,0.11431692290613794,0.0,0.0
2,iid_signs,iid_signs,,1000,0.1201498454962614,-0.0063123835255837184,0.11431692290613794,0.672186338052342,0.0
2,markov_signs_p0.55,markov_signs,0.55,1000,0.15455797480990688,0.10494477371938957,0.11431692290613794,0.7992673063171434,0.0
2,markov_signs_p0.65,markov_signs,0.65,1000,0.23282192392058546,0.16060322659981338,0.11431692290613794,1.248543232180063,0.0
2,markov_signs_p0.75,markov_signs,0.75,1000,0.43853732276106133,0.277724239526605,0.11431692290613794,0.38121707750865463,0.0
2,markov_signs_p0.85,markov_signs,0.85,1000,0.6339453628643259,0.40970592747875373,0.11431692290613794,0.6190281967406691,0.0
2,markov_signs_p0.90,markov_signs,0.9,1000,0.8351171174155241,0.4865412618486242,0.11431692290613794,0.5694877393573253,0.0
3,real_eval,real,,1000,0.20759120144721463,0.0952181866461713,0.33714584924359176,0.0,0.0
3,iid_signs,iid_signs,,1000,0.11930520008223025,0.04331028865790467,0.33714584924359176,0.7420517308315309,0.0
3,markov_signs_p0.55,markov_signs,0.55,1000,0.13369464092886282,0.05342402502778928,0.33714584924359176,0.6210644001379113,0.0
3,markov_signs_p0.65,markov_signs,0.65,1000,0.06836838106705254,-0.011363237726340373,0.33714584924359176,0.47729694226440117,0.0
3,markov_signs_p0.75,markov_signs,0.75,1000,0.4231630550995215,0.24654440265682323,0.33714584924359176,0.7962060351242155,0.0
3,markov_signs_p0.85,markov_signs,0.85,1000,0.9019039600926998,0.464624269494386,0.33714584924359176,0.2852159207440242,0.0
3,markov_signs_p0.90,markov_signs,0.9,1000,1.068283910576579,0.5212259395055138,0.33714584924359176,0.8018196559307436,0.0
4,real_eval,real,,1000,0.5685226283209696,-0.15008037284999332,0.3846118050216271,0.0,0.0
4,iid_signs,iid_signs,,1000,0.425786427267307,0.007817988617336978,0.3846118050216271,0.8226944175929072,0.0
4,markov_signs_p0.55,markov_signs,0.55,1000,0.5021887014737898,0.16109779366283236,0.3846118050216271,0.819744832408637,0.0
4,markov_signs_p0.65,markov_signs,0.65,1000,0.2670765723920337,0.034111307943567766,0.3846118050216271,0.5577116738502887,0.0
4,markov_signs_p0.75,markov_signs,0.75,1000,1.3266442779024559,0.34584369160393674,0.3846118050216271,1.0984196243628592,0.0
4,markov_signs_p0.85,markov_signs,0.85,1000,1.4702828425228112,0.435609888722402,0.3846118050216271,0.5533520403748766,0.0
4,markov_signs_p0.90,markov_signs,0.9,1000,1.8796850931701237,0.4445078142557799,0.3846118050216271,3.117880695749487,0.0
5,real_eval,real,,1000,0.1340077208820632,0.021275130420551746,0.19928377974387665,0.0,0.0
5,iid_signs,iid_signs,,1000,0.11432315170022049,-0.0014848003556958253,0.19928377974387665,0.7100447945864607,0.0
5,markov_signs_p0.55,markov_signs,0.55,1000,0.06292496871112391,-0.003625907299743326,0.19928377974387665,0.4897849918887248,0.0
5,markov_signs_p0.65,markov_signs,0.65,1000,0.15706694606982768,0.10888723173530765,0.19928377974387665,0.36085643916811033,0.0
5,markov_signs_p0.75,markov_signs,0.75,1000,0.3372399243523944,0.23280838650810903,0.19928377974387665,0.45850432767419996,0.0
5,markov_signs_p0.85,markov_signs,0.85,1000,0.43024694885413267,0.33145753779701215,0.19928377974387665,0.7412141990678838,0.0
5,markov_signs_p0.90,markov_signs,0.9,1000,0.6647167911982278,0.47627831958606026,0.19928377974387665,0.10189310135536112,0.0
6,real_eval,real,,1000,0.14773651850707456,-0.023314802325394447,0.23843239724476434,0.0,0.0
6,iid_signs,iid_signs,,1000,0.12799791411409275,-0.025858086534304228,0.23843239724476434,0.4228231442678714,0.0
6,markov_signs_p0.55,markov_signs,0.55,1000,0.1295593137200514,0.08745310761761074,0.23843239724476434,0.4264623507408423,0.0
6,markov_signs_p0.65,markov_signs,0.65,1000,0.18136267083353863,0.1630787188845623,0.23843239724476434,0.6155357716485759,0.0
6,markov_signs_p0.75,markov_signs,0.75,1000,0.28988126639516226,0.26406022544295327,0.23843239724476434,0.47367709567781674,0.0
6,markov_signs_p0.85,markov_signs,0.85,1000,0.6362626668825401,0.4525779678275387,0.23843239724476434,0.37150025801787756,0.0
6,markov_signs_p0.90,markov_signs,0.9,1000,0.5870447579245964,0.45543186206822245,0.23843239724476434,0.7899527010701973,0.0
7,real_eval,real,,1000,0.06686162494331414,0.018675560277628525,0.19407709530575007,0.0,0.0
7,iid_signs,iid_signs,,1000,0.0730820510255752,-0.03725537259314957,0.19407709530575007,0.73960733489802,0.0
7,markov_signs_p0.55,markov_signs,0.55,1000,0.1106553487841999,0.07948792455829891,0.19407709530575007,1.01737311946954,0.0
7,markov_signs_p0.65,markov_signs,0.65,1000,0.13558668136696425,0.0891167859440733,0.19407709530575007,0.09519051644025332,0.0
7,markov_signs_p0.75,markov_signs,0.75,1000,0.3265104651573522,0.26261425500235197,0.19407709530575007,0.589917026686947,0.0
7,markov_signs_p0.85,markov_signs,0.85,1000,0.5707490558541191,0.39891690372394545,0.19407709530575007,2.9371360626459384,0.0
7,markov_signs_p0.90,markov_signs,0.9,1000,0.6523902049767837,0.4978191818866689,0.19407709530575007,0.8750762091046923,0.0
8,real_eval,real,,1000,0.052833027921148884,0.03812718737292466,0.07457899486697704,0.0,0.0
8,iid_signs,iid_signs,,1000,0.04212691852343453,-0.021252223275020785,0.07457899486697704,0.42113684140755947,0.0
8,markov_signs_p0.55,markov_signs,0.55,1000,0.043967431542947424,0.032434155324529104,0.07457899486697704,0.7315507794683939,0.0
8,markov_signs_p0.65,markov_signs,0.65,1000,0.1723310121095941,0.21613969990943196,0.07457899486697704,0.36940900022028106,0.0
8,markov_signs_p0.75,markov_signs,0.75,1000,0.2602679552201769,0.29287266984078014,0.07457899486697704,0.32859409738342255,0.0
8,markov_signs_p0.85,markov_signs,0.85,1000,0.39297241871303945,0.41500488285533615,0.07457899486697704,0.30447525288078087,0.0
8,markov_signs_p0.90,markov_signs,0.9,1000,0.46772051778331974,0.47681535066922226,0.07457899486697704,0.40884065079841936,0.0
9,real_eval,real,,1000,0.11793717571262818,-0.015447580905094384,0.06821947834029403,0.0,0.0
9,iid_signs,iid_signs,,1000,0.048506202826217794,0.051431874970904706,0.06821947834029403,0.5547292094342168,0.0
9,markov_signs_p0.55,markov_signs,0.55,1000,0.1309759969873407,0.10416126655076438,0.06821947834029403,0.2346967683892047,0.0
9,markov_signs_p0.65,markov_signs,0.65,1000,0.16031398483469933,0.21566824297541626,0.06821947834029403,0.7123388579443507,0.0
9,markov_signs_p0.75,markov_signs,0.75,1000,0.2399494056679095,0.274283031734273,0.06821947834029403,0.7483499960351635,0.0
9,markov_signs_p0.85,markov_signs,0.85,1000,0.3893320923864008,0.43240897474369544,0.06821947834029403,0.42638547138676497,0.0
9,markov_signs_p0.90,markov_signs,0.9,1000,0.44088960648090764,0.4563669391017521,0.06821947834029403,1.0983064092100616,0.0
10,real_eval,real,,1000,0.16151436484320106,-0.010393776058534754,0.30192173313952136,0.0,0.0
10,iid_signs,iid_signs,,1000,0.2688448344299114,0.07871838083783554,0.30192173313952136,1.1079276213823985,0.0
10,markov_signs_p0.55,markov_signs,0.55,1000,0.28049045522169275,0.11257160298911541,0.30192173313952136,0.6518673738526343,0.0
10,markov_signs_p0.65,markov_signs,0.65,1000,0.4022006217635004,0.11862899257588314,0.30192173313952136,0.39108813807289644,0.0
10,markov_signs_p0.75,markov_signs,0.75,1000,0.7251824272503286,0.30743228716756976,0.30192173313952136,0.22778873909250108,0.0
10,markov_signs_p0.85,markov_signs,0.85,1000,1.233599725023682,0.41664463120021267,0.30192173313952136,0.5902361314077275,0.0
10,markov_signs_p0.90,markov_signs,0.9,1000,1.1426076561495715,0.4257871929663894,0.30192173313952136,0.6712016263204877,0.0
11,real_eval,real,,1000,0.08691077031795684,-0.028617465512534763,0.17749733477456667,0.0,0.0
11,iid_signs,iid_signs,,1000,0.12963698421669329,-0.051968112490412464,0.17749733477456667,0.3153082117919883,0.0
11,markov_signs_p0.55,markov_signs,0.55,1000,0.07500108522716704,-0.043905144597299134,0.17749733477456667,0.5510627651727784,0.0
11,markov_signs_p0.65,markov_signs,0.65,1000,0.1908713370474713,0.14785909289086677,0.17749733477456667,0.19145965734180218,0.0
11,markov_signs_p0.75,markov_signs,0.75,1000,0.3363504859973066,0.31327532968170585,0.17749733477456667,0.335536775176114,0.0
11,markov_signs_p0.85,markov_signs,0.85,1000,0.4348593895507306,0.42558631440461797,0.17749733477456667,0.33928163582703663,0.0
11,markov_signs_p0.90,markov_signs,0.9,1000,0.5357456274841764,0.46084422387937046,0.17749733477456667,1.2330030544553772,0.0
12,real_eval,real,,1000,0.08615978392759117,-0.005116918084978895,0.17011360298568914,0.0,0.0
12,iid_signs,iid_signs,,1000,0.12721306171397348,-0.028839354421093037,0.17011360298568914,0.5034370793993896,0.0
12,markov_signs_p0.55,markov_signs,0.55,1000,0.2690247658767164,0.04982279044414988,0.17011360298568914,0.6121683358748778,0.0
12,markov_signs_p0.65,markov_signs,0.65,1000,0.4597520158136616,0.17290659597068292,0.17011360298568914,0.5300471273995607,0.0
12,markov_signs_p0.75,markov_signs,0.75,1000,0.9010596995976758,0.3737228138155003,0.17011360298568914,0.5848066212994556,0.0
12,markov_signs_p0.85,markov_signs,0.85,1000,0.8792226567930419,0.3548282134530104,0.17011360298568914,0.36855048404607066,0.0
12,markov_signs_p0.90,markov_signs,0.9,1000,1.2388964291835904,0.46657426307946415,0.17011360298568914,0.7899652321522528,0.0
13,real_eval,real,,1000,0.08257077216207155,0.02602862862762328,0.15197185807681216,0.0,0.0
13,iid_signs,iid_signs,,1000,0.07582638233515922,-0.013604035955655359,0.15197185807681216,0.2507117654300165,0.0
13,markov_signs_p0.55,markov_signs,0.55,1000,0.17100868184391563,0.09127779993149562,0.15197185807681216,2.430706686536071,0.0
13,markov_signs_p0.65,markov_signs,0.65,1000,0.28486456515580477,0.1908278804239449,0.15197185807681216,1.1849673999524435,0.0
13,markov_signs_p0.75,markov_signs,0.75,1000,0.4143451476065595,0.3135085007958336,0.15197185807681216,1.8767475725387655,0.0
13,markov_signs_p0.85,markov_signs,0.85,1000,0.712145593410574,0.44288367743642193,0.15197185807681216,2.7997173105775777,0.0
13,markov_signs_p0.90,markov_signs,0.9,1000,0.7065271316868527,0.45271722930984937,0.15197185807681216,0.8457218741300616,0.0
14,real_eval,real,,1000,0.132022533827792,-0.025972920454542546,0.12488860435579538,0.0,0.0
14,iid_signs,iid_signs,,1000,0.04634650894027115,-0.02796867892529094,0.12488860435579538,0.45535229520424475,0.0
14,markov_signs_p0.55,markov_signs,0.55,1000,0.02749207223352359,0.015644738474888207,0.12488860435579538,0.5869322526170232,0.0
14,markov_signs_p0.65,markov_signs,0.65,1000,0.15930726482837634,0.18533527467515806,0.12488860435579538,1.439958823436482,0.0
14,markov_signs_p0.75,markov_signs,0.75,1000,0.31400991998040517,0.32647669333911433,0.12488860435579538,1.6120345995241225,0.0
14,markov_signs_p0.85,markov_signs,0.85,1000,0.5262064039118491,0.46241383050512186,0.12488860435579538,0.24040143764811583,0.0
14,markov_signs_p0.90,markov_signs,0.9,1000,0.592566854560279,0.5006993810768514,0.12488860435579538,0.3319757100802928,0.0
15,real_eval,real,,1000,0.04695360474090806,0.06962068385665339,0.11236071650637082,0.0,0.0
15,iid_signs,iid_signs,,1000,0.023597468713570015,-0.010965701577176289,0.11236071650637082,0.978932230762606,0.0
15,markov_signs_p0.55,markov_signs,0.55,1000,0.09401758365674613,0.09477787192463898,0.11236071650637082,0.8694577602802808,0.0
15,markov_signs_p0.65,markov_signs,0.65,1000,0.16429448976303473,0.20463231036002022,0.11236071650637082,0.4642489960524125,0.0
15,markov_signs_p0.75,markov_signs,0.75,1000,0.13711260414571597,0.27808225809027326,0.11236071650637082,1.4036089966360976,0.0
15,markov_signs_p0.85,markov_signs,0.85,1000,0.18869804818467928,0.33896634627063515,0.11236071650637082,0.36422716544002326,0.0
15,markov_signs_p0.90,markov_signs,0.9,1000,0.24174983775978282,0.42110125709635443,0.11236071650637082,1.5668765556965618,0.0
16,real_eval,real,,1000,0.2005170405686219,-0.11238099325413765,0.2340158940231686,0.0,0.0
16,iid_signs,iid_signs,,1000,0.15348538267948061,0.08147280844425214,0.2340158940231686,1.4526716813258602,0.0
16,markov_signs_p0.55,markov_signs,0.55,1000,0.10860936628147451,0.06854346996530045,0.2340158940231686,0.29875091994520175,0.0
16,markov_signs_p0.65,markov_signs,0.65,1000,0.3277080256032375,0.19617153112807986,0.2340158940231686,1.6756533138886225,0.0
16,markov_signs_p0.75,markov_signs,0.75,1000,0.41986765358838696,0.2685517283568468,0.2340158940231686,0.8921420252056895,0.0
16,markov_signs_p0.85,markov_signs,0.85,1000,0.5997530337195811,0.3855418626193533,0.2340158940231686,0.47587775690000766,0.0
16,markov_signs_p0.90,markov_signs,0.9,1000,0.887294841767873,0.507673371020633,0.2340158940231686,0.9963503751131397,0.0
17,real_eval,real,,1000,0.06153309760691904,-0.0004929237917918848,0.16585113521910463,0.0,0.0
17,iid_signs,iid_signs,,1000,0.05422701441060499,-0.01485303989506507,0.16585113521910463,0.8253789466333452,0.0
17,markov_signs_p0.55,markov_signs,0.55,1000,0.10356687998590035,0.06050003949351533,0.16585113521910463,0.45434062260597347,0.0
17,markov_signs_p0.65,markov_signs,0.65,1000,0.14343920457120662,0.14130503405083703,0.16585113521910463,0.2980904708674081,0.0
17,markov_signs_p0.75,markov_signs,0.75,1000,0.2825600259337513,0.29570704444268925,0.16585113521910463,0.47792811487704373,0.0
17,markov_signs_p0.85,markov_signs,0.85,1000,0.4547666167013026,0.43294711338763103,0.16585113521910463,0.10645306249746829,0.0
17,markov_signs_p0.90,markov_signs,0.9,1000,0.5315148839265936,0.47112701199663853,0.16585113521910463,1.2053506890321353,0.0
18,real_eval,real,,1000,0.10964508364114058,-0.07843612694697505,0.2605694111435586,0.0,0.0
18,iid_signs,iid_signs,,1000,0.1710654615960417,-0.08577410613235828,0.2605694111435586,0.38837883631405046,0.0
18,markov_signs_p0.55,markov_signs,0.55,1000,0.09485527297092881,0.015241670212243607,0.2605694111435586,0.5686902112231583,0.0
18,markov_signs_p0.65,markov_signs,0.65,1000,0.29646152153027533,0.2056999541594863,0.2605694111435586,0.7597407044809782,0.0
18,markov_signs_p0.75,markov_signs,0.75,1000,0.4379877607070096,0.2574191405180416,0.2605694111435586,1.7257330724640432,0.0
18,markov_signs_p0.85,markov_signs,0.85,1000,0.6361594979390568,0.4302062566901945,0.2605694111435586,1.249675059567048,0.0
18,markov_signs_p0.90,markov_signs,0.9,1000,0.8486489718218588,0.523155207528538,0.2605694111435586,1.4400386373950174,0.0
19,real_eval,real,,1000,0.024214732833178213,0.008032759533282313,0.10734954018162432,0.0,0.0
19,iid_signs,iid_signs,,1000,0.05332553544103634,0.03553802358106436,0.10734954018162432,0.3346367331775702,0.0
19,markov_signs_p0.55,markov_signs,0.55,1000,0.083676468217474,0.09451280836044654,0.10734954018162432,0.6993924170956063,0.0
19,markov_signs_p0.65,markov_signs,0.65,1000,0.12508401530728402,0.16269874628389216,0.10734954018162432,0.08502473973407772,0.0
19,markov_signs_p0.75,markov_signs,0.75,1000,0.2575756338070039,0.3047402945935559,0.10734954018162432,1.2651359241153353,0.0
19,markov_signs_p0.85,markov_signs,0.85,1000,0.38115993849702234,0.4110456459624904,0.10734954018162432,0.9878599996960497,0.0
19,markov_signs_p0.90,markov_signs,0.9,1000,0.46785133091336567,0.48092460031760675,0.10734954018162432,1.2031868335211413,0.0
20,real_eval,real,,1000,0.09689452524093628,0.09138716344067942,0.23495615363834216,0.0,0.0
20,iid_signs,iid_signs,,1000,0.03709650379547869,-0.016161297135114737,0.23495615363834216,1.1294981353873743,0.0
20,markov_signs_p0.55,markov_signs,0.55,1000,0.10207504493220441,0.055647547974416206,0.23495615363834216,0.4607102380132568,0.0
20,markov_signs_p0.65,markov_signs,0.65,1000,0.205898393749953,0.1896678885519118,0.23495615363834216,0.6224996230786797,0.0
20,markov_signs_p0.75,markov_signs,0.75,1000,0.3553948823805363,0.300084133858432,0.23495615363834216,1.000996025752651,0.0
20,markov_signs_p0.85,markov_signs,0.85,1000,0.5000589087684926,0.3687689693215778,0.23495615363834216,0.7915415975311967,0.0
20,markov_signs_p0.90,markov_signs,0.9,1000,0.6289942465663374,0.49374414365577507,0.23495615363834216,1.0789964517564943,0.0
21,real_eval,real,,1000,0.07132751771891066,0.02899435663747593,0.1482539135330687,0.0,0.0
21,iid_signs,iid_signs,,1000,0.0438262370808707,-0.02357778834013825,0.1482539135330687,0.33914585920909057,0.0
21,markov_signs_p0.55,markov_signs,0.55,1000,0.09285013136667447,0.03292627370418222,0.1482539135330687,0.5761430222771107,0.0
21,markov_signs_p0.65,markov_signs,0.65,1000,0.2133397710445365,0.24010996744492535,0.1482539135330687,1.4451749839181238,0.0
21,markov_signs_p0.75,markov_signs,0.75,1000,0.24723839115739082,0.2864995131698142,0.1482539135330687,0.8742703291185203,0.0
21,markov_signs_p0.85,markov_signs,0.85,1000,0.4010797350285823,0.40536507670288874,0.1482539135330687,0.9231003863891156,0.0
21,markov_signs_p0.90,markov_signs,0.9,1000,0.5473876456071317,0.5091085232567362,0.1482539135330687,0.9428670255242859,0.0
22,real_eval,real,,1000,0.06527923992928863,0.03640686136476272,0.1979275747271424,0.0,0.0
22,iid_signs,iid_signs,,1000,0.06785310382008237,0.04030457935878131,0.1979275747271424,0.6766320106094059,0.0
22,markov_signs_p0.55,markov_signs,0.55,1000,0.1490893852024231,0.13393570211961325,0.1979275747271424,0.3591629473480154,0.0
22,markov_signs_p0.65,markov_signs,0.65,1000,0.24229842812546268,0.22421446328197506,0.1979275747271424,0.9154647497475887,0.0
22,markov_signs_p0.75,markov_signs,0.75,1000,0.38234928842944665,0.34519404404072734,0.1979275747271424,0.9582315103574811,0.0
22,markov_signs_p0.85,markov_signs,0.85,1000,0.5296146909377016,0.4367777279073335,0.1979275747271424,0.520745860125137,0.0
22,markov_signs_p0.90,markov_signs,0.9,1000,0.6515488559507431,0.5283473061810496,0.1979275747271424,0.9069845946389165,0.0
23,real_eval,real,,1000,0.0864792005220235,0.006062911606854505,0.09606470843574508,0.0,0.0
23,iid_signs,iid_signs,,1000,0.06071063475447666,-0.03263263198388931,0.09606470843574508,2.2446815814325567,0.0
23,markov_signs_p0.55,markov_signs,0.55,1000,0.10756083580371743,0.09903649921140871,0.09606470843574508,1.4120114287486751,0.0
23,markov_signs_p0.65,markov_signs,0.65,1000,0.18717744185389457,0.18537423615599327,0.09606470843574508,2.1329782953433436,0.0
23,markov_signs_p0.75,markov_signs,0.75,1000,0.4103508194686484,0.3036892440133026,0.09606470843574508,2.1338203030192044,0.0
23,markov_signs_p0.85,markov_signs,0.85,1000,0.47200474569654594,0.39580624998689434,0.09606470843574508,0.6777505971370423,0.0
23,markov_signs_p0.90,markov_signs,0.9,1000,0.5318710479991124,0.4478300380683314,0.09606470843574508,0.4472537122991478,0.0
24,real_eval,real,,1000,0.03872484027566467,-0.05939237767344457,0.14529981079927112,0.0,0.0
24,iid_signs,iid_signs,,1000,0.0348928968650684,-0.02670537782539255,0.14529981079927112,0.6054127645211689,0.0
24,markov_signs_p0.55,markov_signs,0.55,1000,0.04048820307384969,0.058742538918802774,0.14529981079927112,0.4985459419923411,0.0
24,markov_signs_p0.65,markov_signs,0.65,1000,0.09025225311275928,0.149356309425989,0.14529981079927112,0.8792766618726156,0.0
24,markov_signs_p0.75,markov_signs,0.75,1000,0.19192571363159805,0.3190169068054461,0.14529981079927112,0.2709752842075456,0.0
24,markov_signs_p0.85,markov_signs,0.85,1000,0.261879387154178,0.417310079111661,0.14529981079927112,0.34551738330961984,0.0
24,markov_signs_p0.90,markov_signs,0.9,1000,0.37479066655963766,0.5406169214809751,0.14529981079927112,0.265092944645461,0.0
25,real_eval,real,,1000,0.09885064314775714,-0.021367795560562813,0.1012249429989475,0.0,0.0
25,iid_signs,iid_signs,,1000,0.04640456173159239,0.0055927736107130015,0.1012249429989475,0.45043125924547694,0.0
25,markov_signs_p0.55,markov_signs,0.55,1000,0.03840276532795817,0.034950494580990275,0.1012249429989475,0.7153935370756374,0.0
25,markov_signs_p0.65,markov_signs,0.65,1000,0.17244689180397954,0.13573437353236492,0.1012249429989475,0.5849294610760404,0.0
25,markov_signs_p0.75,markov_signs,0.75,1000,0.2345704586472201,0.24308622573123512,0.1012249429989475,0.6550396646874812,0.0
25,markov_signs_p0.85,markov_signs,0.85,1000,0.49895575821263877,0.4265983271856504,0.1012249429989475,0.34790971234249857,0.0
25,markov_signs_p0.90,markov_signs,0.9,1000,0.5422024716634689,0.472063898298127,0.1012249429989475,0.2852641411955788,0.0
26,real_eval,real,,1000,0.13947295130249443,-0.04061957440717688,0.20658931731694258,0.0,0.0
26,iid_signs,iid_signs,,1000,0.19330459783287915,-0.02677421812182683,0.20658931731694258,0.1987650524748157,0.0
26,markov_signs_p0.55,markov_signs,0.55,1000,0.21105172354685045,0.08949776111296362,0.20658931731694258,0.7386645922914802,0.0
26,markov_signs_p0.65,markov_signs,0.65,1000,0.2552289168544522,0.12950951311370523,0.20658931731694258,0.13835598070197203,0.0
26,markov_signs_p0.75,markov_signs,0.75,1000,0.6542640813509766,0.33152284667214993,0.20658931731694258,0.32958368626355566,0.0
26,markov_signs_p0.85,markov_signs,0.85,1000,0.988921760847305,0.4240227974024962,0.20658931731694258,0.3880362888707916,0.0
26,markov_signs_p0.90,markov_signs,0.9,1000,0.9081582490489246,0.4110235355758815,0.20658931731694258,0.19293921148667148,0.0
27,real_eval,real,,1000,0.26070662501809627,-0.020678036109842306,0.27475891686176507,0.0,0.0
27,iid_signs,iid_signs,,1000,0.08939327441755214,-0.0185948892336438,0.27475891686176507,0.18568708603385492,0.0
27,markov_signs_p0.55,markov_signs,0.55,1000,0.18200468522206145,0.0006827029752254804,0.27475891686176507,0.37793832947303585,0.0
27,markov_signs_p0.65,markov_signs,0.65,1000,0.4386590214398026,0.2288451689554109,0.27475891686176507,0.5446543430441664,0.0
27,markov_signs_p0.75,markov_signs,0.75,1000,0.5908482340695844,0.30209040101819323,0.27475891686176507,0.6225868768078796,0.0
27,markov_signs_p0.85,markov_signs,0.85,1000,0.857290740874912,0.4039477252239161,0.27475891686176507,0.20691346772406238,0.0
27,markov_signs_p0.90,markov_signs,0.9,1000,1.0778269808857242,0.48429679518965746,0.27475891686176507,0.3823442536940534,0.0
28,real_eval,real,,1000,0.05216886630840147,0.008650190515195383,0.20454880263875572,0.0,0.0
28,iid_signs,iid_signs,,1000,0.07431876103615416,0.06827249355782924,0.20454880263875572,1.5498844306401935,0.0
28,markov_signs_p0.55,markov_signs,0.55,1000,0.07987946141095993,0.10488798816261585,0.20454880263875572,1.6558275078037148,0.0
28,markov_signs_p0.65,markov_signs,0.65,1000,0.1689024088317454,0.18529419704603983,0.20454880263875572,0.4554572851166988,0.0
28,markov_signs_p0.75,markov_signs,0.75,1000,0.27618760475692533,0.3308779605575677,0.20454880263875572,0.6382254865084611,0.0
28,markov_signs_p0.85,markov_signs,0.85,1000,0.37678163636437906,0.4182245882684853,0.20454880263875572,2.034059866491061,0.0
28,markov_signs_p0.90,markov_signs,0.9,1000,0.48163720971273827,0.5054201420465902,0.20454880263875572,1.8574792823975343,0.0
29,real_eval,real,,1000,0.11068430128843781,0.0522770489850437,0.19605257328749684,0.0,0.0
29,iid_signs,iid_signs,,1000,0.2153262515702546,0.04282267251334016,0.19605257328749684,0.24644899246237148,0.0
29,markov_signs_p0.55,markov_signs,0.55,1000,0.10400014365937855,0.052859292595510976,0.19605257328749684,0.3371714099859276,0.0
29,markov_signs_p0.65,markov_signs,0.65,1000,0.28844758209485,0.17815367247694042,0.19605257328749684,0.8213302643238314,0.0
29,markov_signs_p0.75,markov_signs,0.75,1000,0.5131016778893039,0.24923035401266339,0.19605257328749684,0.5271509802945551,0.0
29,markov_signs_p0.85,markov_signs,0.85,1000,0.7028988615964955,0.35055245623699977,0.19605257328749684,0.9428082209509018,0.0
29,markov_signs_p0.90,markov_signs,0.9,1000,0.833049388940749,0.44469342024766706,0.19605257328749684,0.2993318854817126,0.0
30,real_eval,real,,1000,0.0481269199770086,-0.06307127492880972,0.12990464572163823,0.0,0.0
30,iid_signs,iid_signs,,1000,0.026058702775843243,0.03427103714378182,0.12990464572163823,0.8562426869861073,0.0
30,markov_signs_p0.55,markov_signs,0.55,1000,0.056241354662092555,0.07693362686746108,0.12990464572163823,0.29011341431818616,0.0
30,markov_signs_p0.65,markov_signs,0.65,1000,0.08828543065272156,0.15101798173157105,0.12990464572163823,1.2592121859442842,0.0
30,markov_signs_p0.75,markov_signs,0.75,1000,0.19286276203739947,0.322581270751381,0.12990464572163823,0.4786862076353666,0.0
30,markov_signs_p0.85,markov_signs,0.85,1000,0.269392279368982,0.4190630912342458,0.12990464572163823,0.24231252355457075,0.0
30,markov_signs_p0.90,markov_signs,0.9,1000,0.307083843121938,0.4851040680465938,0.12990464572163823,0.5298331586143105,0.0
31,real_eval,real,,1000,0.06483406045652004,0.052055202500401916,0.1865588458359669,0.0,0.0
31,iid_signs,iid_signs,,1000,0.062368884409855795,-0.062196075258334725,0.1865588458359669,0.6957989138748755,0.0
31,markov_signs_p0.55,markov_signs,0.55,1000,0.09622144994477466,0.07209736247850111,0.1865588458359669,0.23910689100307064,0.0
31,markov_signs_p0.65,markov_signs,0.65,1000,0.17205010446500582,0.1850732642752568,0.1865588458359669,0.4668736856049468,0.0
31,markov_signs_p0.75,markov_signs,0.75,1000,0.22906949662748863,0.277409149041996,0.1865588458359669,0.43467528062321015,0.0
31,markov_signs_p0.85,markov_signs,0.85,1000,0.39085312494622076,0.3956161203087063,0.1865588458359669,0.41103550714826925,0.0
31,markov_signs_p0.90,markov_signs,0.9,1000,0.4542450850195163,0.48674630391419726,0.1865588458359669,0.07342471935238701,0.0
32,real_eval,real,,1000,0.07088930438657363,-0.03409611828284209,0.20882808519718324,0.0,0.0
32,iid_signs,iid_signs,,1000,0.08520613179304437,-0.007306061289891576,0.20882808519718324,0.23194726431721094,0.0
32,markov_signs_p0.55,markov_signs,0.55,1000,0.17960459151474367,-0.002490864712337139,0.20882808519718324,0.7904202043507643,0.0
32,markov_signs_p0.65,markov_signs,0.65,1000,0.16240145731032632,0.12414649105982635,0.20882808519718324,0.22047771238559394,0.0
32,markov_signs_p0.75,markov_signs,0.75,1000,0.4257244924682292,0.30495476538773886,0.20882808519718324,0.4263762158785786,0.0
32,markov_signs_p0.85,markov_signs,0.85,1000,0.6118354630353597,0.3945057275411691,0.20882808519718324,0.39239113603673925,0.0
32,markov_signs_p0.90,markov_signs,0.9,1000,0.8740005583941147,0.5075006304615673,0.20882808519718324,0.4831804459647655,0.0
33,real_eval,real,,1000,0.07991076116136038,-0.006838677626089771,0.15343182275698478,0.0,0.0
33,iid_signs,iid_signs,,1000,0.10054448038022185,-0.005178465995210193,0.15343182275698478,0.888874748458132,0.0
33,markov_signs_p0.55,markov_signs,0.55,1000,0.07387015122187418,0.08797622050924661,0.15343182275698478,0.11695740206945125,0.0
33,markov_signs_p0.65,markov_signs,0.65,1000,0.12976099433737043,0.16299659715874076,0.15343182275698478,0.3300828372876967,0.0
33,markov_signs_p0.75,markov_signs,0.75,1000,0.21591715446403476,0.30517156092956704,0.15343182275698478,0.10354464772179381,0.0
33,markov_signs_p0.85,markov_signs,0.85,1000,0.32112335636585854,0.3902988941115987,0.15343182275698478,0.7426368395927294,0.0
33,markov_signs_p0.90,markov_signs,0.9,1000,0.3932905299958869,0.460155707484526,0.15343182275698478,0.35641218883327336,0.0
34,real_eval,real,,1000,0.07041869736313491,-0.009564227526031937,0.07594641919490501,0.0,0.0
34,iid_signs,iid_signs,,1000,0.020348330748552343,0.0003436310397949003,0.07594641919490501,0.5088017117602373,0.0
34,markov_signs_p0.55,markov_signs,0.55,1000,0.06953343644885601,0.0871652245333231,0.07594641919490501,1.3707662864304562,0.0
34,markov_signs_p0.65,markov_signs,0.65,1000,0.06117495429952167,0.10806562698059119,0.07594641919490501,0.8944528220903474,0.0
34,markov_signs_p0.75,markov_signs,0.75,1000,0.13688015045818672,0.2216066404233691,0.07594641919490501,0.21567535693933404,0.0
34,markov_signs_p0.85,markov_signs,0.85,1000,0.271827508705305,0.31103580234684747,0.07594641919490501,0.3609058843319161,0.0
34,markov_signs_p0.90,markov_signs,0.9,1000,0.2695976030004892,0.4074054630620222,0.07594641919490501,0.7553607705726599,0.0
35,real_eval,real,,1000,0.058477978910350774,-0.08429769952004466,0.11373202005106416,0.0,0.0
35,iid_signs,iid_signs,,1000,0.04206501152098578,0.02950390413236489,0.11373202005106416,2.0232345034417265,0.0
35,markov_signs_p0.55,markov_signs,0.55,1000,0.03425702850404278,0.02569725803345876,0.11373202005106416,0.8087198881284349,0.0
35,markov_signs_p0.65,markov_signs,0.65,1000,0.10296296948865315,0.1733126603473939,0.11373202005106416,1.8068466556112754,0.0
35,markov_signs_p0.75,markov_signs,0.75,1000,0.2358955433454816,0.32101512227141743,0.11373202005106416,2.539092122982173,0.0
35,markov_signs_p0.85,markov_signs,0.85,1000,0.2964618307181028,0.40840134434013065,0.11373202005106416,0.7813827596196551,0.0
35,markov_signs_p0.90,markov_signs,0.9,1000,0.3546658941830153,0.4482802637867538,0.11373202005106416,1.5499449708527706,0.0
36,real_eval,real,,1000,0.05682802784182737,0.0023069748276794803,0.13053849995437988,0.0,0.0
36,iid_signs,iid_signs,,1000,0.09013292085616202,0.024732530223508478,0.13053849995437988,0.4527152287174056,0.0
36,markov_signs_p0.55,markov_signs,0.55,1000,0.09406829710050417,-0.007881286186214425,0.13053849995437988,0.8572521330289858,0.0
36,markov_signs_p0.65,markov_signs,0.65,1000,0.20714740078490582,0.1664607843717754,0.13053849995437988,0.5287316178933797,0.0
36,markov_signs_p0.75,markov_signs,0.75,1000,0.2903471295886891,0.23153120425579776,0.13053849995437988,0.39633553754381806,0.0
36,markov_signs_p0.85,markov_signs,0.85,1000,0.49746933251169234,0.3927295067763158,0.13053849995437988,0.44767261318325835,0.0
36,markov_signs_p0.90,markov_signs,0.9,1000,0.628366797732949,0.4396593800031683,0.13053849995437988,0.7832538906105223,0.0
37,real_eval,real,,1000,0.07621015897280368,0.0018575292281563939,0.12604350027754987,0.0,0.0
37,iid_signs,iid_signs,,1000,0.0585084195334429,-0.04926741379636095,0.12604350027754987,0.6921394457388966,0.0
37,markov_signs_p0.55,markov_signs,0.55,1000,0.04894094470889197,0.03688517834107152,0.12604350027754987,0.31695038519146573,0.0
37,markov_signs_p0.65,markov_signs,0.65,1000,0.11319216593439003,0.17558286140204982,0.12604350027754987,0.6626824893139298,0.0
37,markov_signs_p0.75,markov_signs,0.75,1000,0.21261884836602704,0.314622804507399,0.12604350027754987,0.4552671851494455,0.0
37,markov_signs_p0.85,markov_signs,0.85,1000,0.33231216500610256,0.4566080635107842,0.12604350027754987,0.5264988752063638,0.0
37,markov_signs_p0.90,markov_signs,0.9,1000,0.3753320826791333,0.48676027642228553,0.12604350027754987,0.3637775476145491,0.0
38,real_eval,real,,1000,0.06706173064669223,0.02876338788595805,0.27573845206094877,0.0,0.0
38,iid_signs,iid_signs,,1000,0.07778723255991409,-0.022412309820164972,0.27573845206094877,0.956759521344056,0.0
38,markov_signs_p0.55,markov_signs,0.55,1000,0.40232515992520745,0.13936786728957481,0.27573845206094877,1.3226144559505932,0.0
38,markov_signs_p0.65,markov_signs,0.65,1000,0.28778984797846313,0.20504923174965423,0.27573845206094877,0.6843823843497103,0.0
38,markov_signs_p0.75,markov_signs,0.75,1000,0.481199262104481,0.3077957429783249,0.27573845206094877,1.2907971530804534,0.0
38,markov_signs_p0.85,markov_signs,0.85,1000,0.6385380036487002,0.3974876992814496,0.27573845206094877,0.6323219567165146,0.0
38,markov_signs_p0.90,markov_signs,0.9,1000,0.811787402962958,0.4700811950429217,0.27573845206094877,0.9514854567980848,0.0
39,real_eval,real,,1000,0.10651103417934288,0.06610752080620187,0.1259317433323657,0.0,0.0
39,iid_signs,iid_signs,,1000,0.07163183932285969,0.02418973450221998,0.1259317433323657,1.1070174981544079,0.0
39,markov_signs_p0.55,markov_signs,0.55,1000,0.0420353651375565,0.017624908085972387,0.1259317433323657,0.9663014920459969,0.0
39,markov_signs_p0.65,markov_signs,0.65,1000,0.20354896869186775,0.20810289314802907,0.1259317433323657,0.6715220536070131,0.0
39,markov_signs_p0.75,markov_signs,0.75,1000,0.3248963197501449,0.3173510259789559,0.1259317433323657,0.18572144619587075,0.0
39,markov_signs_p0.85,markov_signs,0.85,1000,0.42050750835628153,0.40836270901329247,0.1259317433323657,3.3945426150772,0.0
39,markov_signs_p0.90,markov_signs,0.9,1000,0.5390528328377076,0.4822053496913017,0.1259317433323657,0.34355700037733605,0.0
40,real_eval,real,,1000,0.11220044575893082,-0.02834776363736124,0.20676853377160853,0.0,0.0
40,iid_signs,iid_signs,,1000,0.1314793399776006,-0.06292330307827929,0.20676853377160853,0.700132297926549,0.0
40,markov_signs_p0.55,markov_signs,0.55,1000,0.0805194111207954,-0.0017506768854676298,0.20676853377160853,0.3328071369342715,0.0
40,markov_signs_p0.65,markov_signs,0.65,1000,0.3245333198753672,0.21999929994376657,0.20676853377160853,0.2547182299040726,0.0
40,markov_signs_p0.75,markov_signs,0.75,1000,0.4572297626220969,0.3119232886011428,0.20676853377160853,0.9582955191598247,0.0
40,markov_signs_p0.85,markov_signs,0.85,1000,0.6719637212559963,0.411610346959732,0.20676853377160853,0.682808853115437,0.0
40,markov_signs_p0.90,markov_signs,0.9,1000,0.8148961482172874,0.49699204576081946,0.20676853377160853,0.6098082099161164,0.0
41,real_eval,real,,1000,0.08384168480195868,-0.011905873993973663,0.1657542525790355,0.0,0.0
41,iid_signs,iid_signs,,1000,0.02506312215055057,0.01372050110179841,0.1657542525790355,0.41024256413277654,0.0
41,markov_signs_p0.55,markov_signs,0.55,1000,0.08834640810049048,0.03425498757559018,0.1657542525790355,0.7738593997163611,0.0
41,markov_signs_p0.65,markov_signs,0.65,1000,0.11374229516564792,0.13211798021515084,0.1657542525790355,0.15455916883802245,0.0
41,markov_signs_p0.75,markov_signs,0.75,1000,0.2539840949787407,0.28982467205988477,0.1657542525790355,0.486263332881304,0.0
41,markov_signs_p0.85,markov_signs,0.85,1000,0.40994946192406,0.4157285152202468,0.1657542525790355,0.6223181246479035,0.0
41,markov_signs_p0.90,markov_signs,0.9,1000,0.5271581845147771,0.49525946304389284,0.1657542525790355,0.6106770188244935,0.0
42,real_eval,real,,1000,0.04751230650167582,-0.02443146193518032,0.10199751696068658,0.0,0.0
42,iid_signs,iid_signs,,1000,0.04802829351688698,-0.025181662914846196,0.10199751696068658,1.4853702716446269,0.0
42,markov_signs_p0.55,markov_signs,0.55,1000,0.0699410506962522,0.03367847584905799,0.10199751696068658,1.93619181483338,0.0
42,markov_signs_p0.65,markov_signs,0.65,1000,0.17271537428903883,0.21375938184795534,0.10199751696068658,0.872791880103745,0.0
42,markov_signs_p0.75,markov_signs,0.75,1000,0.23056396045540517,0.2706073262760294,0.10199751696068658,1.114211227064352,0.0
42,markov_signs_p0.85,markov_signs,0.85,1000,0.3807038009402121,0.43961752251458425,0.10199751696068658,0.797436026657729,0.0
42,markov_signs_p0.90,markov_signs,0.9,1000,0.3716379424478104,0.42679113263183394,0.10199751696068658,0.13559003779090475,0.0
43,real_eval,real,,1000,0.4681344709900388,0.0873724324108047,0.2675802323549869,0.0,0.0
43,iid_signs,iid_signs,,1000,0.14216120799294257,0.016734045069609425,0.2675802323549869,0.18830094588141824,0.0
43,markov_signs_p0.55,markov_signs,0.55,1000,0.5908993729963914,0.07214594720623982,0.2675802323549869,0.8982854010301843,0.0
43,markov_signs_p0.65,markov_signs,0.65,1000,0.9856612397215464,0.22224675272163658,0.2675802323549869,0.5947892057735129,0.0
43,markov_signs_p0.75,markov_signs,0.75,1000,1.4650495364125142,0.32197873788703535,0.2675802323549869,0.6733044146414184,0.0
43,markov_signs_p0.85,markov_signs,0.85,1000,1.3563362647781712,0.2712331146498089,0.2675802323549869,0.21967560160681732,0.0
43,markov_signs_p0.90,markov_signs,0.9,1000,2.586651815557579,0.4026162554144064,0.2675802323549869,0.6989594540764046,0.0
44,real_eval,real,,1000,0.06438636278078269,0.048463102729063234,0.10024572153541636,0.0,0.0
44,iid_signs,iid_signs,,1000,0.0702194476169108,0.007270620188466257,0.10024572153541636,0.5383680816365705,0.0
44,markov_signs_p0.55,markov_signs,0.55,1000,0.02754089330883892,0.0366627599569347,0.10024572153541636,0.21417209376387686,0.0
44,markov_signs_p0.65,markov_signs,0.65,1000,0.16259709395857916,0.2233678126529083,0.10024572153541636,0.6128585736907302,0.0
44,markov_signs_p0.75,markov_signs,0.75,1000,0.23915895481747004,0.30483617824815246,0.10024572153541636,0.7158264045528517,0.0
44,markov_signs_p0.85,markov_signs,0.85,1000,0.34471161745573975,0.43411992876784705,0.10024572153541636,0.6650229119297623,0.0
44,markov_signs_p0.90,markov_signs,0.9,1000,0.4008311506595653,0.4626390114996157,0.10024572153541636,0.15624923719883468,0.0
45,real_eval,real,,1000,0.08520030180395914,0.031334957614517295,0.08651572703881336,0.0,0.0
45,iid_signs,iid_signs,,1000,0.04502461097100834,0.006957852764253385,0.08651572703881336,0.8654454789035474,0.0
45,markov_signs_p0.55,markov_signs,0.55,1000,0.09147393050832836,0.05504156593882998,0.08651572703881336,0.5187046605681941,0.0
45,markov_signs_p0.65,markov_signs,0.65,1000,0.14626946227935161,0.13611449462789538,0.08651572703881336,0.3324853491169041,0.0
45,markov_signs_p0.75,markov_signs,0.75,1000,0.28974218766709503,0.28714738957589897,0.08651572703881336,0.6255268686480058,0.0
45,markov_signs_p0.85,markov_signs,0.85,1000,0.47581208108625667,0.4225359774550352,0.08651572703881336,0.35794764198587764,0.0
45,markov_signs_p0.90,markov_signs,0.9,1000,0.46090630683064,0.39063860750780344,0.08651572703881336,0.7131450688759329,0.0
46,real_eval,real,,1000,0.07862943373107319,-0.006857464957772632,0.2593135049981373,0.0,0.0
46,iid_signs,iid_signs,,1000,0.08865915884526755,-0.055673014351152184,0.2593135049981373,0.4884823357022788,0.0
46,markov_signs_p0.55,markov_signs,0.55,1000,0.08638558997217045,-0.011461984773149221,0.2593135049981373,0.18687848150049916,0.0
46,markov_signs_p0.65,markov_signs,0.65,1000,0.1587929209502136,0.14451617696672792,0.2593135049981373,0.6346231196555577,0.0
46,markov_signs_p0.75,markov_signs,0.75,1000,0.264083686148889,0.263023593741118,0.2593135049981373,0.3641222672692419,0.0
46,markov_signs_p0.85,markov_signs,0.85,1000,0.4490129936933349,0.37525628112311227,0.2593135049981373,0.7756326571740303,0.0
46,markov_signs_p0.90,markov_signs,0.9,1000,0.5728527973917794,0.4746873650540953,0.2593135049981373,0.5618085234162187,0.0
47,real_eval,real,,1000,0.06280343247803616,0.021276144871279896,0.12499110458658763,0.0,0.0
47,iid_signs,iid_signs,,1000,0.08154780706030623,-0.05090267033073891,0.12499110458658763,0.07820576946795309,0.0
47,markov_signs_p0.55,markov_signs,0.55,1000,0.0853509918211199,0.08955505941488082,0.12499110458658763,0.34402151182375523,0.0
47,markov_signs_p0.65,markov_signs,0.65,1000,0.2437648503072573,0.14293977553996723,0.12499110458658763,0.4499694348574212,0.0
47,markov_signs_p0.75,markov_signs,0.75,1000,0.27205572860059746,0.265175706071133,0.12499110458658763,0.37893982047712255,0.0
47,markov_signs_p0.85,markov_signs,0.85,1000,0.38046512599272514,0.3290804306473177,0.12499110458658763,0.6236284597942132,0.0
47,markov_signs_p0.90,markov_signs,0.9,1000,0.5708523363333423,0.42329300666036423,0.12499110458658763,1.0063234591021957,0.0
48,real_eval,real,,1000,0.08276773943764953,0.03603211173845964,0.10590621646628458,0.0,0.0
48,iid_signs,iid_signs,,1000,0.05245994274399414,0.027875309560535994,0.10590621646628458,1.503353858216189,0.0
48,markov_signs_p0.55,markov_signs,0.55,1000,0.04633772578872546,0.04088109754026168,0.10590621646628458,1.2649420820425787,0.0
48,markov_signs_p0.65,markov_signs,0.65,1000,0.0906370508020899,0.11648180306793406,0.10590621646628458,0.5736763384514034,0.0
48,markov_signs_p0.75,markov_signs,0.75,1000,0.18503795164730272,0.27518862707519987,0.10590621646628458,0.9440148439560492,0.0
48,markov_signs_p0.85,markov_signs,0.85,1000,0.29894152917616607,0.42215251081854166,0.10590621646628458,1.7545562441613918,0.0
48,markov_signs_p0.90,markov_signs,0.9,1000,0.3905695607947229,0.4823400173604545,0.10590621646628458,1.6950855546070198,0.0
49,real_eval,real,,1000,0.10722790462209073,-0.02629535644635853,0.04014672763668279,0.0,0.0
49,iid_signs,iid_signs,,1000,0.06437916750219445,0.012369575254743255,0.04014672763668279,0.5415424916462239,0.0
49,markov_signs_p0.55,markov_signs,0.55,1000,0.1402951858197359,0.049927722817689375,0.04014672763668279,0.6878226915073058,0.0
49,markov_signs_p0.65,markov_signs,0.65,1000,0.15940609017167007,0.16569458303199977,0.04014672763668279,1.1527506109161894,0.0
49,markov_signs_p0.75,markov_signs,0.75,1000,0.25908273144750754,0.256882750100036,0.04014672763668279,0.749999169659573,0.0
49,markov_signs_p0.85,markov_signs,0.85,1000,0.4276891442127772,0.39973641668895915,0.04014672763668279,0.7662940925250238,0.0
49,markov_signs_p0.90,markov_signs,0.9,1000,0.5300995036972395,0.4568181630438265,0.04014672763668279,0.221119565274286,0.0
50,real_eval,real,,1000,0.08393763285044711,0.04538292099386258,0.15362968555108064,0.0,0.0
50,iid_signs,iid_signs,,1000,0.06747166949780879,-0.07138944186263714,0.15362968555108064,0.5714883028962483,0.0
50,markov_signs_p0.55,markov_signs,0.55,1000,0.08674443259625836,0.08486996305992497,0.15362968555108064,0.6351374925861364,0.0
50,markov_signs_p0.65,markov_signs,0.65,1000,0.15561977940014424,0.17549440921135967,0.15362968555108064,0.630175666746833,0.0
50,markov_signs_p0.75,markov_signs,0.75,1000,0.25800532470374543,0.2956041487776189,0.15362968555108064,0.978845372379921,0.0
50,markov_signs_p0.85,markov_signs,0.85,1000,0.44148217319535044,0.43379405388300946,0.15362968555108064,0.48257506941878536,0.0
50,markov_signs_p0.90,markov_signs,0.9,1000,0.4897422098870375,0.45692572238846374,0.15362968555108064,0.16563781235466113,0.0
51,real_eval,real,,1000,0.11748988975588187,0.030057337855403102,0.1015196341204057,0.0,0.0
51,iid_signs,iid_signs,,1000,0.08916201145979877,0.0019498894666292604,0.1015196341204057,1.1643838888551294,0.0
51,markov_signs_p0.55,markov_signs,0.55,1000,0.16143436792995092,0.06624061253725397,0.1015196341204057,1.2462490741107508,0.0
51,markov_signs_p0.65,markov_signs,0.65,1000,0.15553509353915768,0.17069046931896786,0.1015196341204057,1.7921770487189144,0.0
51,markov_signs_p0.75,markov_signs,0.75,1000,0.39244854215268987,0.341860230346601,0.1015196341204057,1.034048744942385,0.0
51,markov_signs_p0.85,markov_signs,0.85,1000,0.4967960336040701,0.4338910643858228,0.1015196341204057,0.9241020984899003,0.0
51,markov_signs_p0.90,markov_signs,0.9,1000,0.5705948309605826,0.48645614231021367,0.1015196341204057,0.9574474351114165,0.0
52,real_eval,real,,1000,0.13674257216986602,0.04294114254796301,0.23533338561725917,0.0,0.0
52,iid_signs,iid_signs,,1000,0.13374048710424033,-0.026740739293742544,0.23533338561725917,1.906291489533062,0.0
52,markov_signs_p0.55,markov_signs,0.55,1000,0.2710044836624213,0.04972028277762787,0.23533338561725917,0.6438932972724255,0.0
52,markov_signs_p0.65,markov_signs,0.65,1000,0.09097480446112893,0.06512578807639667,0.23533338561725917,0.38276434527415953,0.0
52,markov_signs_p0.75,markov_signs,0.75,1000,0.39964880434075534,0.2951077702871652,0.23533338561725917,0.7163157813985768,0.0
52,markov_signs_p0.85,markov_signs,0.85,1000,0.6603387776225693,0.4270263127130615,0.23533338561725917,0.9132100074437156,0.0
52,markov_signs_p0.90,markov_signs,0.9,1000,0.6529322248741533,0.4294591766965654,0.23533338561725917,1.377638265271081,0.0
53,real_eval,real,,1000,0.1057850941956635,-0.08812245756154621,0.21007078314101843,0.0,0.0
53,iid_signs,iid_signs,,1000,0.13198893817076818,-0.041802952755076825,0.21007078314101843,1.418173184872048,0.0
53,markov_signs_p0.55,markov_signs,0.55,1000,0.12001506423024401,0.07949509399640772,0.21007078314101843,0.4235164149547234,0.0
53,markov_signs_p0.65,markov_signs,0.65,1000,0.3128476137135808,0.27697965035931904,0.21007078314101843,1.0172148402098116,0.0
53,markov_signs_p0.75,markov_signs,0.75,1000,0.23319796416824848,0.2504415656846689,0.21007078314101843,0.5462223893406267,0.0
53,markov_signs_p0.85,markov_signs,0.85,1000,0.43473511336315973,0.3909783334161382,0.21007078314101843,1.874050756158288,0.0
53,markov_signs_p0.90,markov_signs,0.9,1000,0.5014811071728833,0.45197095486784633,0.21007078314101843,0.5001282873134074,0.0
54,real_eval,real,,1000,0.04562428628784777,0.06337285791865055,0.07335161547978024,0.0,0.0
54,iid_signs,iid_signs,,1000,0.02915847661505858,0.03323446909026947,0.07335161547978024,0.5633360558701227,0.0
54,markov_signs_p0.55,markov_signs,0.55,1000,0.054885791154824906,0.08921541463747576,0.07335161547978024,0.12216002448835894,0.0
54,markov_signs_p0.65,markov_signs,0.65,1000,0.10112037534480343,0.1982031372766602,0.07335161547978024,0.2253977038075672,0.0
54,markov_signs_p0.75,markov_signs,0.75,1000,0.12960480364921015,0.25121278048372925,0.07335161547978024,0.7349811130000875,0.0
54,markov_signs_p0.85,markov_signs,0.85,1000,0.240843769527718,0.413906211426558,0.07335161547978024,0.45683441232075944,0.0
54,markov_signs_p0.90,markov_signs,0.9,1000,0.29192578812569053,0.4424081949773633,0.07335161547978024,0.8265141327921626,0.0
55,real_eval,real,,1000,0.02532107965005547,-0.020498981949514404,0.06033363320415102,0.0,0.0
55,iid_signs,iid_signs,,1000,0.04834764335855487,-0.0019855396254508458,0.06033363320415102,0.5858592050919225,0.0
55,markov_signs_p0.55,markov_signs,0.55,1000,0.09209059044775052,0.10901225575822676,0.06033363320415102,0.4996180484856396,0.0
55,markov_signs_p0.65,markov_signs,0.65,1000,0.16188288287882793,0.1524674439970285,0.06033363320415102,0.5236274360282595,0.0
55,markov_signs_p0.75,markov_signs,0.75,1000,0.29780222568763204,0.32958409645028214,0.06033363320415102,0.6816149255520443,0.0
55,markov_signs_p0.85,markov_signs,0.85,1000,0.3768438121695451,0.38131162272933206,0.06033363320415102,0.38762233774910754,0.0
55,markov_signs_p0.90,markov_signs,0.9,1000,0.5114160767599932,0.49892836224029735,0.06033363320415102,0.8568761898453786,0.0
56,real_eval,real,,1000,0.141693530014227,0.07209824717404016,0.34070302068701674,0.0,0.0
56,iid_signs,iid_signs,,1000,0.11159132630951604,0.04254582591843097,0.34070302068701674,0.3175166602246882,0.0
56,markov_signs_p0.55,markov_signs,0.55,1000,0.1932092462934953,0.08436542797353828,0.34070302068701674,0.2027432796291441,0.0
56,markov_signs_p0.65,markov_signs,0.65,1000,0.17516756025681374,0.1584788119513064,0.34070302068701674,0.5072217576784853,0.0
56,markov_signs_p0.75,markov_signs,0.75,1000,0.42276811711752915,0.3699343965321866,0.34070302068701674,0.33978159865666613,0.0
56,markov_signs_p0.85,markov_signs,0.85,1000,0.5413225836038572,0.44126281268060186,0.34070302068701674,0.294971708696602,0.0
56,markov_signs_p0.90,markov_signs,0.9,1000,0.7467330587548368,0.47637030343573417,0.34070302068701674,0.9181115737264098,0.0
57,real_eval,real,,1000,0.13144407075734013,0.019155306123467657,0.15999253270681585,0.0,0.0
57,iid_signs,iid_signs,,1000,0.08186594318496906,-0.006949836749591775,0.15999253270681585,0.4014859981530518,0.0
57,markov_signs_p0.55,markov_signs,0.55,1000,0.22950844158818354,0.01614534207171949,0.15999253270681585,0.8577098123386964,0.0
57,markov_signs_p0.65,markov_signs,0.65,1000,0.3324810562198888,0.17376828518189422,0.15999253270681585,1.1527478066958268,0.0
57,markov_signs_p0.75,markov_signs,0.75,1000,0.35556261941501294,0.28810864813676595,0.15999253270681585,0.13053189767811996,0.0
57,markov_signs_p0.85,markov_signs,0.85,1000,0.5384224527254875,0.4067699375590125,0.15999253270681585,0.44896029102854457,0.0
57,markov_signs_p0.90,markov_signs,0.9,1000,0.6842643488484393,0.44782533526227675,0.15999253270681585,1.187703723377981,0.0
58,real_eval,real,,1000,0.2218574127478439,0.07288100792009582,0.2934894780136582,0.0,0.0
58,iid_signs,iid_signs,,1000,0.1316540888823981,-0.09156390128828777,0.2934894780136582,0.23049790333039757,0.0
58,markov_signs_p0.55,markov_signs,0.55,1000,0.2144693716943262,0.15574150702071599,0.2934894780136582,0.41134212099606177,0.0
58,markov_signs_p0.65,markov_signs,0.65,1000,0.1667029735370407,0.10933310785112428,0.2934894780136582,0.43387850541532447,0.0
58,markov_signs_p0.75,markov_signs,0.75,1000,0.5214640977242184,0.28858038362020877,0.2934894780136582,0.0965634100797537,0.0
58,markov_signs_p0.85,markov_signs,0.85,1000,0.6594624544795565,0.4206567633388804,0.2934894780136582,0.34092122199800917,0.0
58,markov_signs_p0.90,markov_signs,0.9,1000,0.9642583210319023,0.534517881376185,0.2934894780136582,0.8678994001044591,0.0
59,real_eval,real,,1000,0.1025187556470441,-0.06934280350902486,0.16066238069749797,0.0,0.0
59,iid_signs,iid_signs,,1000,0.06890646290785497,0.011605937615257682,0.16066238069749797,0.3655659920193117,0.0
59,markov_signs_p0.55,markov_signs,0.55,1000,0.0956070457867386,0.06045285861622572,0.16066238069749797,0.07359612099001087,0.0
59,markov_signs_p0.65,markov_signs,0.65,1000,0.19985165148308429,0.2363505329824951,0.16066238069749797,0.606540909867672,0.0
59,markov_signs_p0.75,markov_signs,0.75,1000,0.3205265685679484,0.351236382077146,0.16066238069749797,0.4644006032821993,0.0
59,markov_signs_p0.85,markov_signs,0.85,1000,0.4103889253759484,0.4365869265441305,0.16066238069749797,0.3012934003532821,0.0
59,markov_signs_p0.90,markov_signs,0.9,1000,0.41947138430232606,0.43623084293460807,0.16066238069749797,0.6052458772327689,0.0
60,real_eval,real,,1000,0.06269086578548719,-0.0073525226700002656,0.03645742180706952,0.0,0.0
60,iid_signs,iid_signs,,1000,0.03224177676298053,-0.012534598869673862,0.03645742180706952,0.9346135575578522,0.0
60,markov_signs_p0.55,markov_signs,0.55,1000,0.08056725512275005,0.06632641990408815,0.03645742180706952,0.8062276577015973,0.0
60,markov_signs_p0.65,markov_signs,0.65,1000,0.1853234237023315,0.17878364006927125,0.03645742180706952,0.08497813300982122,0.0
60,markov_signs_p0.75,markov_signs,0.75,1000,0.22887126150802048,0.23276128149535016,0.03645742180706952,0.41399618592201043,0.0
60,markov_signs_p0.85,markov_signs,0.85,1000,0.3632396058457831,0.3441719802395619,0.03645742180706952,0.48895366067253887,0.0
60,markov_signs_p0.90,markov_signs,0.9,1000,0.48357730738528054,0.43581978011889366,0.03645742180706952,0.41337473018237647,0.0
61,real_eval,real,,1000,0.11550766100110293,-0.0685099909221952,0.16086757161626394,0.0,0.0
61,iid_signs,iid_signs,,1000,0.06465951926106553,0.028431943575952162,0.16086757161626394,1.2812238701195893,0.0
61,markov_signs_p0.55,markov_signs,0.55,1000,0.08231692051651796,0.03221972825894351,0.16086757161626394,0.42265082818116895,0.0
61,markov_signs_p0.65,markov_signs,0.65,1000,0.1670128154179675,0.16645046664188368,0.16086757161626394,1.0442590758507437,0.0
61,markov_signs_p0.75,markov_signs,0.75,1000,0.3634543356960811,0.33204480618887083,0.16086757161626394,0.36602342582868447,0.0
61,markov_signs_p0.85,markov_signs,0.85,1000,0.4140497195172995,0.34391731864286357,0.16086757161626394,0.8736678610777542,0.0
61,markov_signs_p0.90,markov_signs,0.9,1000,0.5809660913848629,0.4773874940033621,0.16086757161626394,2.2371936536225143,0.0
62,real_eval,real,,1000,0.03368415356730055,-0.012319015299449662,0.05439341057882771,0.0,0.0
62,iid_signs,iid_signs,,1000,0.05433067765610205,0.0021394168385583607,0.05439341057882771,1.3680278945082405,0.0
62,markov_signs_p0.55,markov_signs,0.55,1000,0.014581231100693674,0.014160912363309063,0.05439341057882771,2.133742400479738,0.0
62,markov_signs_p0.65,markov_signs,0.65,1000,0.08214360849022029,0.11365312738746085,0.05439341057882771,1.108032970588128,0.0
62,markov_signs_p0.75,markov_signs,0.75,1000,0.13369281790945023,0.24374396863124212,0.05439341057882771,1.4525854977770392,0.0
62,markov_signs_p0.85,markov_signs,0.85,1000,0.2174250739761897,0.35151291381155997,0.05439341057882771,1.4041030658504603,0.0
62,markov_signs_p0.90,markov_signs,0.9,1000,0.30150170356952194,0.4418743772611311,0.05439341057882771,1.6462030778649364,0.0
63,real_eval,real,,1000,0.12023589790007413,0.029006995589467077,0.19829712237090963,0.0,0.0
63,iid_signs,iid_signs,,1000,0.12707751561162334,-0.0013850984694952066,0.19829712237090963,5.918242746642819,0.0
63,markov_signs_p0.55,markov_signs,0.55,1000,0.22679941760869254,0.08472783944455149,0.19829712237090963,0.3671200350581081,0.0
63,markov_signs_p0.65,markov_signs,0.65,1000,0.30780227259260823,0.09672607748979839,0.19829712237090963,2.300360885656566,0.0
63,markov_signs_p0.75,markov_signs,0.75,1000,0.4806040874375874,0.24696214309671546,0.19829712237090963,3.2528638784284833,0.0
63,markov_signs_p0.85,markov_signs,0.85,1000,0.913389371434148,0.3832241373780063,0.19829712237090963,1.451882350695934,0.0
63,markov_signs_p0.90,markov_signs,0.9,1000,1.0054595297340307,0.4342818729863902,0.19829712237090963,4.85667315559006,0.0
64,real_eval,real,,1000,0.13983656272034195,0.048736778961910636,0.17677751718537366,0.0,0.0
64,iid_signs,iid_signs,,1000,0.16073644568334863,0.02052559659634574,0.17677751718537366,0.21975759416933502,0.0
64,markov_signs_p0.55,markov_signs,0.55,1000,0.17721970393119013,0.09575798051607454,0.17677751718537366,1.0378851528755346,0.0
64,markov_signs_p0.65,markov_signs,0.65,1000,0.2664911007643066,0.16529491263510757,0.17677751718537366,0.9178136018219835,0.0
64,markov_signs_p0.75,markov_signs,0.75,1000,0.4363638036890284,0.27532271749623927,0.17677751718537366,0.7749803720520141,0.0
64,markov_signs_p0.85,markov_signs,0.85,1000,0.5836937461178513,0.3723254374149139,0.17677751718537366,0.8228002395823945,0.0
64,markov_signs_p0.90,markov_signs,0.9,1000,0.9168464748474425,0.4939978684263515,0.17677751718537366,1.2692320472072234,0.0
65,real_eval,real,,1000,0.07780304191273238,-0.010718368793910756,0.12799681643156063,0.0,0.0
65,iid_signs,iid_signs,,1000,0.1375149952844382,-0.06944421718490405,0.12799681643156063,1.4357481210241947,0.0
65,markov_signs_p0.55,markov_signs,0.55,1000,0.0947322943691579,0.06772775556554517,0.12799681643156063,0.5541393899282209,0.0
65,markov_signs_p0.65,markov_signs,0.65,1000,0.30471345461945715,0.1854284020911219,0.12799681643156063,0.7283138142020533,0.0
65,markov_signs_p0.75,markov_signs,0.75,1000,0.4253609443799765,0.28985771288442597,0.12799681643156063,0.8880185341850062,0.0
65,markov_signs_p0.85,markov_signs,0.85,1000,0.6206559142564007,0.3613043910321581,0.12799681643156063,0.5016839831897124,0.0
65,markov_signs_p0.90,markov_signs,0.9,1000,0.7465065325108684,0.40054850673240766,0.12799681643156063,1.4294813762453253,0.0
66,real_eval,real,,1000,0.04728009774451755,0.010275006709317736,0.0749084833055462,0.0,0.0
66,iid_signs,iid_signs,,1000,0.13038926360548483,0.020170257869824692,0.0749084833055462,3.2545500605000957,0.0
66,markov_signs_p0.55,markov_signs,0.55,1000,0.13047055571446364,-0.014357844907809197,0.0749084833055462,2.778327470939501,0.0
66,markov_signs_p0.65,markov_signs,0.65,1000,0.3699450486312214,0.17023528919494235,0.0749084833055462,0.9041123599064275,0.0
66,markov_signs_p0.75,markov_signs,0.75,1000,0.42021616055968786,0.2557125935158309,0.0749084833055462,0.14447686880228633,0.0
66,markov_signs_p0.85,markov_signs,0.85,1000,0.5754608419928712,0.32639114986097856,0.0749084833055462,1.491276884580944,0.0
66,markov_signs_p0.90,markov_signs,0.9,1000,0.7787771186180608,0.4097436083022352,0.0749084833055462,2.280956906839693,0.0
67,real_eval,real,,1000,0.14410442058810605,-0.005423901087825952,0.31523386539591064,0.0,0.0
67,iid_signs,iid_signs,,1000,0.33616743333248505,-0.09359017925748345,0.31523386539591064,5.977763751695133,0.0
67,markov_signs_p0.55,markov_signs,0.55,1000,0.22124409022744884,0.0415912050220361,0.31523386539591064,0.7808823904356049,0.0
67,markov_signs_p0.65,markov_signs,0.65,1000,0.33969749457829523,0.08968352726190054,0.31523386539591064,0.6676960155873265,0.0
67,markov_signs_p0.75,markov_signs,0.75,1000,1.3128505859178294,0.36309226115598214,0.31523386539591064,8.02845730811192,0.0
67,markov_signs_p0.85,markov_signs,0.85,1000,1.646271354890343,0.41481870708602725,0.31523386539591064,1.0481975315662388,0.0
67,markov_signs_p0.90,markov_signs,0.9,1000,2.136886627145915,0.5265183027116448,0.31523386539591064,4.846144391484663,0.0
68,real_eval,real,,1000,0.12861821460298392,-0.10023385899166755,0.2931757478804863,0.0,0.0
68,iid_signs,iid_signs,,1000,0.15934324912194162,0.12302836829541128,0.2931757478804863,0.15063807439682075,0.0
68,markov_signs_p0.55,markov_signs,0.55,1000,0.1863974834647817,-0.008604924994284011,0.2931757478804863,0.47364767483336345,0.0
68,markov_signs_p0.65,markov_signs,0.65,1000,0.3012467508694494,0.2561984103691772,0.2931757478804863,0.38610268653169383,0.0
68,markov_signs_p0.75,markov_signs,0.75,1000,0.219630228351177,0.16170647870365873,0.2931757478804863,0.4134275490326717,0.0
68,markov_signs_p0.85,markov_signs,0.85,1000,0.5482188525210677,0.4307719527146094,0.2931757478804863,0.15781875822785807,0.0
68,markov_signs_p0.90,markov_signs,0.9,1000,0.6566670246617953,0.48219854293513936,0.2931757478804863,0.7463177851255687,0.0
69,real_eval,real,,1000,0.11152016272504844,0.049367675169578316,0.20127750994143456,0.0,0.0
69,iid_signs,iid_signs,,1000,0.06928620721237762,0.03320837767268955,0.20127750994143456,0.6544711928252938,0.0
69,markov_signs_p0.55,markov_signs,0.55,1000,0.11699107272842726,0.07914107533308933,0.20127750994143456,1.7735105852121646,0.0
69,markov_signs_p0.65,markov_signs,0.65,1000,0.2814042482991719,0.22001581455395142,0.20127750994143456,0.2675630410674889,0.0
69,markov_signs_p0.75,markov_signs,0.75,1000,0.3128483644461386,0.2635970395758412,0.20127750994143456,0.23347377048625986,0.0
69,markov_signs_p0.85,markov_signs,0.85,1000,0.5933505650763493,0.4361353343130772,0.20127750994143456,2.669258671918408,0.0
69,markov_signs_p0.90,markov_signs,0.9,1000,0.5976817347386594,0.4127049067152985,0.20127750994143456,1.2032637327909488,0.0
70,real_eval,real,,1000,0.048226055743115843,0.03158356135682718,0.10684315730307746,0.0,0.0
70,iid_signs,iid_signs,,1000,0.04796308019018996,-0.03731383881265205,0.10684315730307746,0.2575888944288109,0.0
70,markov_signs_p0.55,markov_signs,0.55,1000,0.0990893179975908,0.12285630629028448,0.10684315730307746,0.5897444304921448,0.0
70,markov_signs_p0.65,markov_signs,0.65,1000,0.13972320261028762,0.17688263007983074,0.10684315730307746,0.7172976402841127,0.0
70,markov_signs_p0.75,markov_signs,0.75,1000,0.22648861724413058,0.29613642544932767,0.10684315730307746,0.4630625348505001,0.0
70,markov_signs_p0.85,markov_signs,0.85,1000,0.28258799588604994,0.3660355318548941,0.10684315730307746,0.4119110476359866,0.0
70,markov_signs_p0.90,markov_signs,0.9,1000,0.328039635844715,0.4012513108292465,0.10684315730307746,0.9660345175436095,0.0
71,real_eval,real,,1000,0.11654078487600372,-0.015243815383227628,0.2411219682972126,0.0,0.0
71,iid_signs,iid_signs,,1000,0.14823529720171214,-0.12053294033280619,0.2411219682972126,0.3033867118125199,0.0
71,markov_signs_p0.55,markov_signs,0.55,1000,0.12834718970359202,0.09272230837344025,0.2411219682972126,0.23103919115212793,0.0
71,markov_signs_p0.65,markov_signs,0.65,1000,0.2363829982059405,0.16214506471115572,0.2411219682972126,0.4024331217609659,0.0
71,markov_signs_p0.75,markov_signs,0.75,1000,0.5482120070169001,0.40622180254184875,0.2411219682972126,0.46392553101282413,0.0
71,markov_signs_p0.85,markov_signs,0.85,1000,0.6076406241390325,0.433588387944655,0.2411219682972126,0.7216450821135171,0.0
71,markov_signs_p0.90,markov_signs,0.9,1000,0.8161489038652694,0.5734947882544155,0.2411219682972126,0.5168051823155334,0.0
72,real_eval,real,,1000,0.33492463573145304,0.09325626493765263,0.34249888967807707,0.0,0.0
72,iid_signs,iid_signs,,1000,0.28895715365921787,0.10223056281149176,0.34249888967807707,1.000880964093312,0.0
72,markov_signs_p0.55,markov_signs,0.55,1000,0.3829791519285839,0.19012408362634126,0.34249888967807707,0.32258602405216297,0.0
72,markov_signs_p0.65,markov_signs,0.65,1000,0.45997409493890345,0.21042203149220665,0.34249888967807707,0.2521586511131028,0.0
72,markov_signs_p0.75,markov_signs,0.75,1000,0.6942718551844799,0.3183889586946942,0.34249888967807707,0.4675066320007538,0.0
72,markov_signs_p0.85,markov_signs,0.85,1000,0.7468528474093046,0.28553125188897827,0.34249888967807707,0.6507536724686723,0.0
72,markov_signs_p0.90,markov_signs,0.9,1000,0.9489459151793732,0.3388000909055041,0.34249888967807707,1.1696704143255092,0.0
73,real_eval,real,,1000,0.11689781485815981,-0.025616910368095446,0.1844117589382031,0.0,0.0
73,iid_signs,iid_signs,,1000,0.19211409793407533,0.043717623385477265,0.1844117589382031,1.1637973297501327,0.0
73,markov_signs_p0.55,markov_signs,0.55,1000,0.050228074893830396,-0.00042695290392810823,0.1844117589382031,0.844611993839686,0.0
73,markov_signs_p0.65,markov_signs,0.65,1000,0.15173799519898318,0.09621254345489234,0.1844117589382031,1.5454253497503385,0.0
73,markov_signs_p0.75,markov_signs,0.75,1000,0.45756319376938276,0.3084594458123058,0.1844117589382031,1.5154652168247729,0.0
73,markov_signs_p0.85,markov_signs,0.85,1000,0.660907464098249,0.3916573408760485,0.1844117589382031,2.073211474272018,0.0
73,markov_signs_p0.90,markov_signs,0.9,1000,0.7031444173525457,0.4302765356752283,0.1844117589382031,0.3036677675810564,0.0
74,real_eval,real,,1000,0.02945243374938876,0.00041844432896417276,0.10820020766198706,0.0,0.0
74,iid_signs,iid_signs,,1000,0.02729265119612994,-0.005240122270844188,0.10820020766198706,0.28201362149477904,0.0
74,markov_signs_p0.55,markov_signs,0.55,1000,0.05748166307844897,0.06372116577552127,0.10820020766198706,0.4119337724993034,0.0
74,markov_signs_p0.65,markov_signs,0.65,1000,0.16657708628802562,0.1466274244918137,0.10820020766198706,0.5915385028393497,0.0
74,markov_signs_p0.75,markov_signs,0.75,1000,0.2841712470550918,0.3379706630660505,0.10820020766198706,0.33579542569232934,0.0
74,markov_signs_p0.85,markov_signs,0.85,1000,0.4152679610438478,0.4601609681335963,0.10820020766198706,0.3746987094425484,0.0
74,markov_signs_p0.90,markov_signs,0.9,1000,0.4482845451382194,0.4873093897862819,0.10820020766198706,0.5407519306481121,0.0
75,real_eval,real,,1000,0.038458521182542435,0.014159707541489087,0.15692610037130042,0.0,0.0
75,iid_signs,iid_signs,,1000,0.10222670017202676,0.030330325695025247,0.15692610037130042,0.4001392813220666,0.0
75,markov_signs_p0.55,markov_signs,0.55,1000,0.049371311155378746,0.0336318040987172,0.15692610037130042,0.30614650201017146,0.0
75,markov_signs_p0.65,markov_signs,0.65,1000,0.19384199293761534,0.23605011853123398,0.15692610037130042,0.4785918928169527,0.0
75,markov_signs_p0.75,markov_signs,0.75,1000,0.23395349895689296,0.3681330290210973,0.15692610037130042,0.23471632684756852,0.0
75,markov_signs_p0.85,markov_signs,0.85,1000,0.3462908722977285,0.43651041410737856,0.15692610037130042,0.6544849030902458,0.0
75,markov_signs_p0.90,markov_signs,0.9,1000,0.3538256679900194,0.50099430787147,0.15692610037130042,0.36729775536253123,0.0
76,real_eval,real,,1000,0.029959086321863157,0.002162819630004144,0.1810329132170503,0.0,0.0
76,iid_signs,iid_signs,,1000,0.12650239720504927,0.0612873207711326,0.1810329132170503,0.17708473167739852,0.0
76,markov_signs_p0.55,markov_signs,0.55,1000,0.13351856923970656,0.08375776616627333,0.1810329132170503,1.0021171694734965,0.0
76,markov_signs_p0.65,markov_signs,0.65,1000,0.14594411248674963,0.15079838847826418,0.1810329132170503,0.23322358197907372,0.0
76,markov_signs_p0.75,markov_signs,0.75,1000,0.24761585043223108,0.22573925319156526,0.1810329132170503,0.71435168084987,0.0
76,markov_signs_p0.85,markov_signs,0.85,1000,0.38345338220888653,0.36671787071704676,0.1810329132170503,0.2981065972667314,0.0
76,markov_signs_p0.90,markov_signs,0.9,1000,0.5676361745931686,0.4824589470252337,0.1810329132170503,0.8061383803824272,0.0
77,real_eval,real,,1000,0.08627406467805024,0.023671865445178124,0.10882597546729049,0.0,0.0
77,iid_signs,iid_signs,,1000,0.0905823657684122,-0.025932129928508147,0.10882597546729049,0.8391660057103385,0.0
77,markov_signs_p0.55,markov_signs,0.55,1000,0.07670583016473705,0.05519683409189576,0.10882597546729049,0.6902015130347328,0.0
77,markov_signs_p0.65,markov_signs,0.65,1000,0.1561280468180822,0.15859519423455726,0.10882597546729049,0.5202646169198037,0.0
77,markov_signs_p0.75,markov_signs,0.75,1000,0.2713374482026781,0.29421794700127235,0.10882597546729049,0.7646274323881689,0.0
77,markov_signs_p0.85,markov_signs,0.85,1000,0.3825234789231766,0.3944036601597804,0.10882597546729049,0.7085867107655821,0.0
77,markov_signs_p0.90,markov_signs,0.9,1000,0.40043984537020794,0.42900991391663457,0.10882597546729049,0.5668527261240031,0.0
78,real_eval,real,,1000,0.0818629456983336,0.011247682062886441,0.19854136272389375,0.0,0.0
78,iid_signs,iid_signs,,1000,0.09909781080162303,-0.022546997653508122,0.19854136272389375,0.3717648002645603,0.0
78,markov_signs_p0.55,markov_signs,0.55,1000,0.22442988474367936,0.11927095119911144,0.19854136272389375,0.3453899927735538,0.0
78,markov_signs_p0.65,markov_signs,0.65,1000,0.27993560045070326,0.24454464084524974,0.19854136272389375,0.48677039530462457,0.0
78,markov_signs_p0.75,markov_signs,0.75,1000,0.42728774128359137,0.32933161194784893,0.19854136272389375,1.0306339774588817,0.0
78,markov_signs_p0.85,markov_signs,0.85,1000,0.5317974396086605,0.41326658196316424,0.19854136272389375,0.6109337365429727,0.0
78,markov_signs_p0.90,markov_signs,0.9,1000,0.6991847960999293,0.5194047072842926,0.19854136272389375,0.6747973828142785,0.0
79,real_eval,real,,1000,0.1298904042092113,-0.07551102442645376,0.18790892399463122,0.0,0.0
79,iid_signs,iid_signs,,1000,0.07692170995575393,-0.010566935243989047,0.18790892399463122,0.6834623382379018,0.0
79,markov_signs_p0.55,markov_signs,0.55,1000,0.06368614590206445,0.03166045658092214,0.18790892399463122,0.9076380580159052,0.0
79,markov_signs_p0.65,markov_signs,0.65,1000,0.14745512589529655,0.09847121772992422,0.18790892399463122,0.5989106985353227,0.0
79,markov_signs_p0.75,markov_signs,0.75,1000,0.39382039254423096,0.33406509259197426,0.18790892399463122,0.6117822691876639,0.0
79,markov_signs_p0.85,markov_signs,0.85,1000,0.579338247139874,0.42361799495898467,0.18790892399463122,0.5397832101835262,0.0
79,markov_signs_p0.90,markov_signs,0.9,1000,0.635354178361517,0.4737504369503937,0.18790892399463122,0.9502582435393101,0.0
80,real_eval,real,,1000,0.18328816644086218,0.044661919649698546,0.20015952554750394,0.0,0.0
80,iid_signs,iid_signs,,1000,0.385266832210963,-0.04292921100902917,0.20015952554750394,0.448105546805271,0.0
80,markov_signs_p0.55,markov_signs,0.55,1000,0.20916084063474183,-0.02471652713836986,0.20015952554750394,1.780340930532442,0.0
80,markov_signs_p0.65,markov_signs,0.65,1000,0.522505491515081,0.17655614460925234,0.20015952554750394,1.61983478478825,0.0
80,markov_signs_p0.75,markov_signs,0.75,1000,0.8917226517696,0.24507629599066014,0.20015952554750394,0.8069092546391203,0.0
80,markov_signs_p0.85,markov_signs,0.85,1000,1.2539457486278904,0.38162242346480185,0.20015952554750394,0.2615872212809798,0.0
80,markov_signs_p0.90,markov_signs,0.9,1000,1.5354531693144227,0.4281551049278883,0.20015952554750394,0.1550544176401429,0.0
81,real_eval,real,,1000,0.0545772667925533,0.05684225359871788,0.11552305336286872,0.0,0.0
81,iid_signs,iid_signs,,1000,0.04097069649265276,0.01766431147901149,0.11552305336286872,0.259358007400999,0.0
81,markov_signs_p0.55,markov_signs,0.55,1000,0.05382271189377701,0.09227383812691033,0.11552305336286872,0.6428368384834038,0.0
81,markov_signs_p0.65,markov_signs,0.65,1000,0.07882469801317545,0.16712333588244907,0.11552305336286872,1.3791177241230301,0.0
81,markov_signs_p0.75,markov_signs,0.75,1000,0.1697293956914587,0.32405299252961894,0.11552305336286872,0.5855742851904806,0.0
81,markov_signs_p0.85,markov_signs,0.85,1000,0.27090438051029325,0.44499323170244104,0.11552305336286872,0.7812878415748585,0.0
81,markov_signs_p0.90,markov_signs,0.9,1000,0.31268529673269185,0.481681090136714,0.11552305336286872,1.7833538870397547,0.0
82,real_eval,real,,1000,0.1372186304128808,-0.045051187857855134,0.2027704555297878,0.0,0.0
82,iid_signs,iid_signs,,1000,0.10533040254153371,0.016471575149554423,0.2027704555297878,0.14833819898640233,0.0
82,markov_signs_p0.55,markov_signs,0.55,1000,0.08802491587659518,0.029688250727043036,0.2027704555297878,0.29410050238150404,0.0
82,markov_signs_p0.65,markov_signs,0.65,1000,0.33156282999625797,0.2724538612304908,0.2027704555297878,0.6434343542589598,0.0
82,markov_signs_p0.75,markov_signs,0.75,1000,0.3877394083145316,0.29779899896483075,0.2027704555297878,0.4105059345164022,0.0
82,markov_signs_p0.85,markov_signs,0.85,1000,0.6565681104639269,0.4491142401185079,0.2027704555297878,0.3030528270729108,0.0
82,markov_signs_p0.90,markov_signs,0.9,1000,0.896366129670667,0.4709383502502464,0.2027704555297878,1.09365395572154,0.0
83,real_eval,real,,1000,0.050273840267550385,0.005545344999868333,0.1900998180370704,0.0,0.0
83,iid_signs,iid_signs,,1000,0.1047539578883893,-0.029322820141978605,0.1900998180370704,2.019223201639476,0.0
83,markov_signs_p0.55,markov_signs,0.55,1000,0.09945478818939477,0.07522283987088524,0.1900998180370704,2.1559376340363943,0.0
83,markov_signs_p0.65,markov_signs,0.65,1000,0.14665135849784883,0.11874468941423721,0.1900998180370704,0.8738530749076144,0.0
83,markov_signs_p0.75,markov_signs,0.75,1000,0.334151007624269,0.30669647790753407,0.1900998180370704,3.60957982296878,0.0
83,markov_signs_p0.85,markov_signs,0.85,1000,0.48434914819664127,0.414824482389063,0.1900998180370704,1.6792206517449526,0.0
83,markov_signs_p0.90,markov_signs,0.9,1000,0.5814540682294799,0.47038392589859085,0.1900998180370704,1.1376105602458255,0.0
84,real_eval,real,,1000,0.054940313800079243,0.07702901572622955,0.1152805715018219,0.0,0.0
84,iid_signs,iid_signs,,1000,0.06232176336663353,-0.030694942303329902,0.1152805715018219,0.5026239809855283,0.0
84,markov_signs_p0.55,markov_signs,0.55,1000,0.08815765574770609,0.07692996468030915,0.1152805715018219,0.495059611601243,0.0
84,markov_signs_p0.65,markov_signs,0.65,1000,0.0943641316440601,0.16707520098513717,0.1152805715018219,0.48619726851376927,0.0
84,markov_signs_p0.75,markov_signs,0.75,1000,0.19530280807169456,0.3233107717473577,0.1152805715018219,0.14875324760688768,0.0
84,markov_signs_p0.85,markov_signs,0.85,1000,0.29262899196961495,0.4068960869001357,0.1152805715018219,0.34300551682172625,0.0
84,markov_signs_p0.90,markov_signs,0.9,1000,0.36747124282359633,0.4924637072396309,0.1152805715018219,0.49574785008052286,0.0
85,real_eval,real,,1000,0.04568771748918885,0.04012272742401767,0.13961347473131114,0.0,0.0
85,iid_signs,iid_signs,,1000,0.04145723233083339,0.00611245274503143,0.13961347473131114,0.3347360013823304,0.0
85,markov_signs_p0.55,markov_signs,0.55,1000,0.030874526407366213,0.058238433801939084,0.13961347473131114,0.18488821524125512,0.0
85,markov_signs_p0.65,markov_signs,0.65,1000,0.07056040429927958,0.16178553690487518,0.13961347473131114,0.3316005776220489,0.0
85,markov_signs_p0.75,markov_signs,0.75,1000,0.17494156382212533,0.3502342316021998,0.13961347473131114,1.2773260663066583,0.0
85,markov_signs_p0.85,markov_signs,0.85,1000,0.19706496461528095,0.3897182798874656,0.13961347473131114,0.35799246574967364,0.0
85,markov_signs_p0.90,markov_signs,0.9,1000,0.3185106316612443,0.4677883138094066,0.13961347473131114,1.2852878631781601,0.0
86,real_eval,real,,1000,0.2595087721973849,-0.11032255781409366,0.23479215773640563,0.0,0.0
86,iid_signs,iid_signs,,1000,0.18476344748366128,-0.011026867106911921,0.23479215773640563,2.1795861816354076,0.0
86,markov_signs_p0.55,markov_signs,0.55,1000,0.2015092426213993,0.015779876120748857,0.23479215773640563,2.020410112186233,0.0
86,markov_signs_p0.65,markov_signs,0.65,1000,0.5506677669176452,0.1745832165811557,0.23479215773640563,4.747194090982552,0.0
86,markov_signs_p0.75,markov_signs,0.75,1000,0.5371423450849009,0.27215112318169954,0.23479215773640563,2.594172696054093,0.0
86,markov_signs_p0.85,markov_signs,0.85,1000,0.8938355308532842,0.3892617672134901,0.23479215773640563,1.0779219046745623,0.0
86,markov_signs_p0.90,markov_signs,0.9,1000,1.0809993592735405,0.4507319750991752,0.23479215773640563,5.212970865077038,0.0
87,real_eval,real,,1000,0.07316477587643629,-0.010357263613693074,0.225029774242263,0.0,0.0
87,iid_signs,iid_signs,,1000,0.10543218302847183,-0.027107594948718134,0.225029774242263,0.1616815481279578,0.0
87,markov_signs_p0.55,markov_signs,0.55,1000,0.14242699691266328,0.11309364672044891,0.225029774242263,0.23041124023122994,0.0
87,markov_signs_p0.65,markov_signs,0.65,1000,0.1427340210829247,0.14348051250595337,0.225029774242263,0.5933115129917914,0.0
87,markov_signs_p0.75,markov_signs,0.75,1000,0.29308626909656416,0.3011639508634611,0.225029774242263,0.6380285824058975,0.0
87,markov_signs_p0.85,markov_signs,0.85,1000,0.4411171895801085,0.42563092791225327,0.225029774242263,0.20977863316925702,0.0
87,markov_signs_p0.90,markov_signs,0.9,1000,0.5045412636875273,0.4677882225114764,0.225029774242263,0.6677272542826758,0.0
88,real_eval,real,,1000,0.03801273101646161,0.06376385293492243,0.13898536324241687,0.0,0.0
88,iid_signs,iid_signs,,1000,0.04062372922984786,-0.026432662424172894,0.13898536324241687,0.23136365520280572,0.0
88,markov_signs_p0.55,markov_signs,0.55,1000,0.08188414709894293,0.09022709451452739,0.13898536324241687,1.341562606387064,0.0
88,markov_signs_p0.65,markov_signs,0.65,1000,0.14356219953317628,0.19326156410944306,0.13898536324241687,0.4592715480746472,0.0
88,markov_signs_p0.75,markov_signs,0.75,1000,0.18335219304664738,0.2873584427495413,0.13898536324241687,1.0166000487622255,0.0
88,markov_signs_p0.85,markov_signs,0.85,1000,0.30368516414914415,0.41396933074987724,0.13898536324241687,0.18900333484653298,0.0
88,markov_signs_p0.90,markov_signs,0.9,1000,0.2784419974881128,0.42846382863983284,0.13898536324241687,0.5834948904352878,0.0
89,real_eval,real,,1000,0.1317761412801271,-0.07835389741745656,0.19447044966151855,0.0,0.0
89,iid_signs,iid_signs,,1000,0.07663016075708631,-0.044265915018200326,0.19447044966151855,0.5220713053063621,0.0
89,markov_signs_p0.55,markov_signs,0.55,1000,0.17734094964461083,0.031896716604219236,0.19447044966151855,0.5088121012373473,0.0
89,markov_signs_p0.65,markov_signs,0.65,1000,0.22641335688779438,0.19973145161831027,0.19447044966151855,0.1777744135808486,0.0
89,markov_signs_p0.75,markov_signs,0.75,1000,0.2984677357732907,0.2895193524151089,0.19447044966151855,0.6187399579390063,0.0
89,markov_signs_p0.85,markov_signs,0.85,1000,0.5691236557466779,0.4669752121745209,0.19447044966151855,0.8107856287738117,0.0
89,markov_signs_p0.90,markov_signs,0.9,1000,0.5911421595481962,0.5023385543456167,0.19447044966151855,0.07833681940312151,0.0
90,real_eval,real,,1000,0.045485515255168765,-0.06614956792826239,0.07791924972155238,0.0,0.0
90,iid_signs,iid_signs,,1000,0.05986112828519868,0.00668294994269652,0.07791924972155238,0.5889098698756526,0.0
90,markov_signs_p0.55,markov_signs,0.55,1000,0.09397550473490232,0.03953185682630644,0.07791924972155238,0.5983815210008212,0.0
90,markov_signs_p0.65,markov_signs,0.65,1000,0.09388786967674162,0.19247905522840988,0.07791924972155238,0.2815590555737507,0.0
90,markov_signs_p0.75,markov_signs,0.75,1000,0.16959391803615817,0.2585836164059862,0.07791924972155238,0.37051961003251865,0.0
90,markov_signs_p0.85,markov_signs,0.85,1000,0.24075194607074807,0.40207879013680625,0.07791924972155238,0.43222619309533544,0.0
90,markov_signs_p0.90,markov_signs,0.9,1000,0.27856834937568536,0.45704642557142905,0.07791924972155238,0.24046709936198463,0.0
91,real_eval,real,,1000,0.1000767424935979,-0.05012500447610762,0.12361557817417328,0.0,0.0
91,iid_signs,iid_signs,,1000,0.10816591851802466,0.0004355486561535635,0.12361557817417328,0.4050410431278206,0.0
91,markov_signs_p0.55,markov_signs,0.55,1000,0.15956482208588038,0.017373002643126318,0.12361557817417328,0.3617689757681899,0.0
91,markov_signs_p0.65,markov_signs,0.65,1000,0.1775133454473297,0.12725079795056268,0.12361557817417328,0.19276798289987912,0.0
91,markov_signs_p0.75,markov_signs,0.75,1000,0.45848789170883214,0.3221655853046135,0.12361557817417328,0.6584736343955222,0.0
91,markov_signs_p0.85,markov_signs,0.85,1000,0.5941328448628416,0.39434966053638537,0.12361557817417328,0.15601412457999184,0.0
91,markov_signs_p0.90,markov_signs,0.9,1000,0.6086730079075073,0.39191299105090444,0.12361557817417328,0.9118244617929834,0.0
92,real_eval,real,,1000,0.1267935794298982,0.08467664978059569,0.1581262861603829,0.0,0.0
92,iid_signs,iid_signs,,1000,0.11465645925838808,-0.07266743169895212,0.1581262861603829,0.3262473678801288,0.0
92,markov_signs_p0.55,markov_signs,0.55,1000,0.12094797785023498,0.022081743438167906,0.1581262861603829,0.15869572733354442,0.0
92,markov_signs_p0.65,markov_signs,0.65,1000,0.239192162953958,0.1890449558409682,0.1581262861603829,0.5363621830521567,0.0
92,markov_signs_p0.75,markov_signs,0.75,1000,0.4698599347746965,0.35956560583949776,0.1581262861603829,0.4303311217128896,0.0
92,markov_signs_p0.85,markov_signs,0.85,1000,0.5944741093761086,0.41332416213601253,0.1581262861603829,0.5491885357913058,0.0
92,markov_signs_p0.90,markov_signs,0.9,1000,0.676614896408215,0.4758543009613985,0.1581262861603829,0.5271347704146487,0.0
93,real_eval,real,,1000,0.10722200462162547,-0.014308735151803998,0.13367723986771532,0.0,0.0
93,iid_signs,iid_signs,,1000,0.07970403108766486,-0.0018504056837626856,0.13367723986771532,0.2518297575391893,0.0
93,markov_signs_p0.55,markov_signs,0.55,1000,0.16287532418270126,0.10467966974655094,0.13367723986771532,0.3013581885270372,0.0
93,markov_signs_p0.65,markov_signs,0.65,1000,0.3455050338910695,0.25399627182712975,0.13367723986771532,1.0207936728105138,0.0
93,markov_signs_p0.75,markov_signs,0.75,1000,0.4043328697362887,0.3104479134838656,0.13367723986771532,0.2556669333288074,0.0
93,markov_signs_p0.85,markov_signs,0.85,1000,0.5812995136835465,0.38043969070200356,0.13367723986771532,1.4014146015296916,0.0
93,markov_signs_p0.90,markov_signs,0.9,1000,0.7508116105906264,0.4238422821522309,0.13367723986771532,1.3897993857974407,0.0
94,real_eval,real,,1000,0.0806639673142739,-0.06577375473563313,0.09766824188480772,0.0,0.0
94,iid_signs,iid_signs,,1000,0.14882691690879452,0.05782134582463247,0.09766824188480772,1.5575315385232806,0.0
94,markov_signs_p0.55,markov_signs,0.55,1000,0.12858098036881302,0.12530742488930063,0.09766824188480772,0.6105131813988852,0.0
94,markov_signs_p0.65,markov_signs,0.65,1000,0.2124422986862978,0.2233506659835553,0.09766824188480772,0.18583831716438118,0.0
94,markov_signs_p0.75,markov_signs,0.75,1000,0.319166683947875,0.28331807492034433,0.09766824188480772,0.9061201520288164,0.0
94,markov_signs_p0.85,markov_signs,0.85,1000,0.45890025264583206,0.3878649885111059,0.09766824188480772,0.2857065281217758,0.0
94,markov_signs_p0.90,markov_signs,0.9,1000,0.5342714672279087,0.46788787306870205,0.09766824188480772,0.6412874558950691,0.0
95,real_eval,real,,1000,0.054891794534553486,0.023310745305867915,0.12167233508581625,0.0,0.0
95,iid_signs,iid_signs,,1000,0.0762148261319409,-0.01807393340962823,0.12167233508581625,0.16914197185795984,0.0
95,markov_signs_p0.55,markov_signs,0.55,1000,0.06048165210825374,0.04154782686180654,0.12167233508581625,0.5716894760011633,0.0
95,markov_signs_p0.65,markov_signs,0.65,1000,0.0984442564162917,0.12147223919370088,0.12167233508581625,0.1427663926339695,0.0
95,markov_signs_p0.75,markov_signs,0.75,1000,0.22167624159006194,0.2346259370058527,0.12167233508581625,0.9363347403224279,0.0
95,markov_signs_p0.85,markov_signs,0.85,1000,0.40389744930948956,0.41412644933094017,0.12167233508581625,1.0890478055051191,0.0
95,markov_signs_p0.90,markov_signs,0.9,1000,0.47258899719830866,0.4882574494929406,0.12167233508581625,0.2722539236964739,0.0
96,real_eval,real,,1000,0.12827980617654677,-0.01220820876958655,0.0888067789702987,0.0,0.0
96,iid_signs,iid_signs,,1000,0.15112502777556253,0.05761439710631112,0.0888067789702987,0.07631191928985201,0.0
96,markov_signs_p0.55,markov_signs,0.55,1000,0.07900767094258239,0.0730860348970147,0.0888067789702987,0.6869943168956187,0.0
96,markov_signs_p0.65,markov_signs,0.65,1000,0.16796684554453548,0.19961242399967644,0.0888067789702987,0.9015690937205137,0.0
96,markov_signs_p0.75,markov_signs,0.75,1000,0.26709601169730934,0.3016139635746814,0.0888067789702987,0.3455882882646786,0.0
96,markov_signs_p0.85,markov_signs,0.85,1000,0.37623278664944565,0.392971067599417,0.0888067789702987,0.7542444553271029,0.0
96,markov_signs_p0.90,markov_signs,0.9,1000,0.573977892091214,0.4601420620583354,0.0888067789702987,0.5231750208369967,0.0
97,real_eval,real,,1000,0.06179937146767417,-0.06479224602233594,0.08127677794707217,0.0,0.0
97,iid_signs,iid_signs,,1000,0.07074295258108053,-0.07369138831872911,0.08127677794707217,0.09883495598542832,0.0
97,markov_signs_p0.55,markov_signs,0.55,1000,0.042480537932984126,-0.029976746005729693,0.08127677794707217,0.2145213685067576,0.0
97,markov_signs_p0.65,markov_signs,0.65,1000,0.1361446562895649,0.15460728515470917,0.08127677794707217,0.26575729244871016,0.0
97,markov_signs_p0.75,markov_signs,0.75,1000,0.2354247708942169,0.310724243873881,0.08127677794707217,0.415011981016245,0.0
97,markov_signs_p0.85,markov_signs,0.85,1000,0.37513525494004224,0.35843512584831666,0.08127677794707217,0.49544740819839717,0.0
97,markov_signs_p0.90,markov_signs,0.9,1000,0.4715384681385831,0.46823996702622406,0.08127677794707217,0.3392484234985142,0.0
98,real_eval,real,,1000,0.0480584550040201,-0.01118352084064308,0.10211493286089529,0.0,0.0
98,iid_signs,iid_signs,,1000,0.04171304998605513,-0.02600527439711562,0.10211493286089529,0.3195528150123626,0.0
98,markov_signs_p0.55,markov_signs,0.55,1000,0.05142409256039766,0.04934315375651271,0.10211493286089529,0.4665648325561058,0.0
98,markov_signs_p0.65,markov_signs,0.65,1000,0.0883858370839089,0.08752950124122506,0.10211493286089529,0.144966966391222,0.0
98,markov_signs_p0.75,markov_signs,0.75,1000,0.29740559659180693,0.3426150115789456,0.10211493286089529,0.5641020871879682,0.0
98,markov_signs_p0.85,markov_signs,0.85,1000,0.3846331967138507,0.4299701000156559,0.10211493286089529,0.3994519862695346,0.0
98,markov_signs_p0.90,markov_signs,0.9,1000,0.4131381469177527,0.4096803943669116,0.10211493286089529,0.799513762904905,0.0
99,real_eval,real,,1000,0.058572621648695235,-0.034022173018330465,0.17362228058553653,0.0,0.0
99,iid_signs,iid_signs,,1000,0.04607507793903613,-0.020721177831684975,0.17362228058553653,0.3650430907721451,0.0
99,markov_signs_p0.55,markov_signs,0.55,1000,0.06563830962080422,0.10008104587484343,0.17362228058553653,0.323194162083169,0.0
99,markov_signs_p0.65,markov_signs,0.65,1000,0.1456905562093767,0.19633193514421632,0.17362228058553653,0.4917611179865336,0.0
99,markov_signs_p0.75,markov_signs,0.75,1000,0.2117963332311466,0.3360365117480259,0.17362228058553653,0.48355313385718157,0.0
99,markov_signs_p0.85,markov_signs,0.85,1000,0.3240964586406578,0.43820301283940377,0.17362228058553653,0.38828221039199257,0.0
99,markov_signs_p0.90,markov_signs,0.9,1000,0.3548743280268639,0.4850334601519411,0.17362228058553653,0.6448316809546214,0.0
